anime_id,name,score,genres,english_name,japanese_name,type,episodes,aired,premiered,producers,licensors,studios,source,duration,rating,ranked,popularity,members,favorites,watching,completed,on_hold,dropped,plan_to_watch,score_10,score_9,score_8,score_7,score_6,score_5,score_4,score_3,score_2,score_1
21,,8.52,"Action, Adventure, Comedy, Super Power, Drama, Fantasy, Shounen",,,TV,,,Fall 1999,"Fuji TV, TAP, Shueisha","Funimation, 4Kids Entertainment",Toei Animation,Manga,24 min.,PG-13 - Teens 13 or older,95.0,31,1352724,126645,887333,33,187919,136245,141194,292445.0,166186.0,141755.0,85424.0,35342.0,19019.0,8201.0,3675.0,2616.0,6340.0
235,,8.16,"Adventure, Mystery, Comedy, Police, Shounen",,,TV,,,Winter 1996,"Yomiuri Telecasting, Animax, YTV, TMS-Kyokuchi, Shogakukan","Funimation, Crunchyroll",TMS Entertainment,Manga,25 min.,PG-13 - Teens 13 or older,349.0,580,252940,11827,116021,9,55211,36141,45558,27670.0,25632.0,31481.0,21333.0,7803.0,3401.0,993.0,415.0,254.0,469.0
966,,7.69,"Slice of Life, Comedy, Ecchi, School, Seinen",,,TV,,,Spring 1992,TV Asahi,Funimation,Shin-Ei Animation,Manga,21 min.,PG - Children,1054.0,2060,57907,948,21706,7,12812,13402,9980,5422.0,4655.0,6762.0,6457.0,2788.0,1314.0,501.0,256.0,216.0,325.0
1199,,7.03,"Comedy, Kids",,,TV,,,Spring 1993,NHK,Unknown,Ajia-Do,Manga,10 min.,G - All Ages,3517.0,6359,5279,67,1438,1,823,1209,1808,209.0,202.0,311.0,515.0,315.0,129.0,41.0,21.0,9.0,34.0
1960,,6.38,"Comedy, Kids, Fantasy",,,TV,,,Fall 1988,Sotsu,Unknown,TMS Entertainment,Picture book,24 min.,PG - Children,6522.0,8580,2241,17,553,2,294,696,696,82.0,57.0,80.0,163.0,163.0,118.0,29.0,19.0,16.0,31.0
2406,,6.09,"Slice of Life, Comedy",,,TV,,,Fall 1969,Fuji TV,Unknown,Eiken,4-koma manga,24 min.,G - All Ages,7844.0,6259,5481,23,1356,1,473,1215,2436,154.0,64.0,127.0,226.0,249.0,172.0,69.0,38.0,38.0,100.0
4459,,6.37,"Adventure, Comedy, Kids, Fantasy",,,TV,,,Fall 1998,NHK,Enoki Films,Gallop,Original,10 min.,G - All Ages,6531.0,9942,1274,5,366,0,145,364,399,35.0,30.0,35.0,67.0,73.0,65.0,21.0,8.0,10.0,21.0
6149,,7.18,"Slice of Life, Comedy, Kids, School",,,TV,,,Winter 1995,Sakura Production,Unknown,Nippon Animation,Manga,23 min.,G - All Ages,2833.0,7798,3052,27,994,1,464,635,958,173.0,125.0,209.0,247.0,127.0,74.0,26.0,10.0,10.0,34.0
7505,,6.14,"Comedy, Kids, Drama, Fantasy",,,TV,,,Spring 1995,NHK,Unknown,Unknown,Unknown,5 min.,PG - Children,7624.0,11558,634,2,196,0,48,131,259,19.0,8.0,23.0,48.0,24.0,31.0,8.0,5.0,8.0,14.0
8336,,,"Comedy, Kids",,,TV,,,Spring 2010,"Group TAC, TOHO animation",Unknown,"Xebec, OLM",Picture book,10 min.,PG - Children,14277.0,12327,467,1,127,0,41,130,169,9.0,2.0,7.0,15.0,12.0,19.0,2.0,3.0,5.0,12.0
8687,,7.52,"Sci-Fi, Comedy, Kids, Shounen",,,TV,,,Spring 2005,TV Asahi,Unknown,Shin-Ei Animation,Manga,25 min.,PG - Children,1512.0,4562,12037,159,4970,5,1915,2485,2662,988.0,691.0,1250.0,1373.0,637.0,339.0,82.0,51.0,25.0,60.0
10506,,,Comedy,,,TV,,,Spring 2011,Unknown,Unknown,Kachidoki Studio,Original,Unknown,Unknown,11945.0,12128,503,1,89,0,17,181,216,4.0,1.0,1.0,3.0,4.0,7.0,2.0,1.0,1.0,11.0
18941,,,"Adventure, Comedy, Fantasy, Kids, Magic",,,TV,,,Spring 2012,Unknown,Unknown,The Answer Studio,Other,25 min.,G - All Ages,11967.0,13453,307,0,71,0,13,97,126,7.0,,1.0,3.0,6.0,7.0,4.0,1.0,4.0,5.0
22669,,,"Action, Comedy, Kids",,,TV,,,Spring 2011,Unknown,Unknown,DLE,Original,30 sec.,G - All Ages,14170.0,13972,265,0,64,0,13,78,110,4.0,,,1.0,2.0,3.0,6.0,1.0,5.0,10.0
23539,,7.05,"Comedy, Kids",,,TV,,,Spring 2014,Sanrio,Unknown,Gathering,Original,1 min.,G - All Ages,3463.0,5102,9106,55,2293,2,911,841,5059,380.0,134.0,270.0,418.0,259.0,152.0,56.0,22.0,38.0,56.0
23733,,,"Slice of Life, Comedy",,,ONA,,,Unknown,Unknown,Unknown,Unknown,Unknown,20 min.,PG-13 - Teens 13 or older,15171.0,13424,310,1,68,0,21,30,191,3.0,,1.0,3.0,2.0,8.0,4.0,5.0,4.0,8.0
24023,,,Drama,,,Unknown,,,Unknown,Unknown,Unknown,Unknown,Unknown,Unknown,Unknown,,10238,1118,0,0,0,0,0,1118,,,,,,,,,,
24773,,,"Slice of Life, Comedy",,,ONA,,,Unknown,Unknown,Unknown,Kachidoki Studio,Original,2 min.,G - All Ages,11232.0,14441,231,0,52,0,7,54,118,4.0,1.0,2.0,2.0,5.0,1.0,3.0,2.0,5.0,6.0
24775,,,"Slice of Life, Kids",,,TV,,,Unknown,Unknown,Unknown,Kachidoki Studio,Original,1 min.,G - All Ages,15103.0,14711,210,0,31,16,6,64,93,5.0,1.0,,1.0,3.0,5.0,2.0,2.0,1.0,3.0
24977,,,Comedy,,,ONA,,,Unknown,Unknown,Unknown,DLE,Original,2 min.,G - All Ages,14874.0,13973,265,1,68,0,22,65,110,4.0,1.0,,5.0,4.0,6.0,11.0,4.0,2.0,6.0
28205,,6.45,"Kids, Magic",,,ONA,,,Unknown,FILMONY,Unknown,Studio Colorido,Original,6 min.,G - All Ages,6170.0,6357,5252,3,1942,0,1181,575,1554,92.0,154.0,311.0,703.0,606.0,367.0,132.0,53.0,37.0,16.0
29361,,,"Slice of Life, Comedy, Kids",,,TV,,,Unknown,Unknown,Unknown,Kachidoki Studio,Original,1 min.,PG - Children,14888.0,14590,217,0,34,19,5,63,96,3.0,1.0,,2.0,5.0,3.0,4.0,1.0,1.0,5.0
29375,,,"Adventure, Comedy, Kids, Mecha",,,TV,,,Spring 1995,NHK,Unknown,Unknown,Unknown,5 min.,G - All Ages,11744.0,14970,198,0,56,0,10,57,75,4.0,,2.0,6.0,2.0,4.0,5.0,2.0,,6.0
29421,,,"Adventure, Kids",,,TV,,,Winter 2013,NHK,Unknown,Unknown,Unknown,5 min.,G - All Ages,15335.0,15183,187,0,50,0,12,57,68,3.0,5.0,1.0,3.0,2.0,1.0,2.0,2.0,1.0,7.0
29643,,5.89,Magic,,,Special,,,Unknown,Poncotan,Unknown,Unknown,Unknown,22 min.,Unknown,8560.0,6874,4330,10,486,0,251,222,3371,29.0,10.0,27.0,61.0,60.0,38.0,20.0,17.0,12.0,15.0
30088,,6.7,Slice of Life,,,Special,,,Unknown,Robot Communications,Unknown,Studio Colorido,Original,1 min.,G - All Ages,4913.0,9306,1673,3,456,0,367,132,718,42.0,40.0,105.0,159.0,110.0,63.0,16.0,6.0,9.0,11.0
30119,,,Kids,,,TV,,,Winter 2013,NHK,Unknown,Unknown,Original,1 min.,PG - Children,13043.0,14522,226,0,50,0,10,85,81,4.0,,,1.0,4.0,5.0,,1.0,2.0,7.0
30129,,,Kids,,,TV,,,Spring 1986,NHK,Unknown,Unknown,Unknown,1 min.,PG - Children,15135.0,16087,133,0,10,34,5,43,41,4.0,1.0,5.0,1.0,3.0,6.0,2.0,,,3.0
30151,,,"Slice of Life, Comedy",,,TV,,,Fall 2012,Unknown,Unknown,Unknown,Original,2 min.,G - All Ages,14869.0,11327,700,0,137,1,29,193,340,8.0,3.0,2.0,5.0,8.0,9.0,4.0,2.0,2.0,15.0
30154,,,"Slice of Life, Comedy",,,ONA,,,Unknown,Unknown,Unknown,Unknown,Original,2 min.,G - All Ages,14852.0,15059,193,0,49,0,16,52,76,4.0,,,2.0,6.0,10.0,1.0,3.0,1.0,8.0
30223,,,"Horror, Supernatural, School, Seinen",,,TV,,,Unknown,Unknown,Unknown,Pierrot Plus,Novel,Unknown,Unknown,,5969,6184,4,0,0,0,0,6184,,,,,,,,,,
30448,,,Sci-Fi,,,Unknown,,,Unknown,Unknown,Unknown,Sunrise,Original,Unknown,Unknown,,5045,9384,7,0,0,0,0,9384,,,,,,,,,,
30455,,,"Action, Military, Sci-Fi, Slice of Life, School",,,Unknown,,,Unknown,Unknown,Unknown,Unknown,Game,Unknown,PG-13 - Teens 13 or older,,2865,32484,105,0,0,0,0,32484,,,,,,,,,,
31150,,6.03,"Adventure, Comedy, Kids",,,TV,,,Unknown,"Creative Power Entertaining, Alpha Group Co. Ltd.",Unknown,Unknown,Unknown,15 min.,G - All Ages,8108.0,12469,442,1,128,1,50,172,91,22.0,9.0,12.0,28.0,32.0,22.0,8.0,7.0,8.0,20.0
31397,,6.85,Hentai,,,OVA,,,Unknown,Unknown,Unknown,PoRO,Visual novel,17 min.,Rx - Hentai,,5312,8228,49,4747,2,962,507,2010,333.0,268.0,504.0,731.0,568.0,294.0,114.0,79.0,50.0,42.0
31445,,,"Comedy, Parody, School, Seinen",,,TV,,,Unknown,Unknown,Unknown,Unknown,4-koma manga,Unknown,PG-13 - Teens 13 or older,,11309,711,0,0,0,0,0,711,,,,,,,,,,
31647,,4.69,"Comedy, Parody",,,ONA,,,Unknown,Unknown,Unknown,Pie in the sky,Manga,4 min.,G - All Ages,10849.0,10302,1085,3,254,0,137,153,541,14.0,1.0,7.0,7.0,24.0,53.0,32.0,28.0,27.0,38.0
31667,,,"Comedy, Parody, Fantasy",,,ONA,,,Unknown,"VAP, Pie in the sky",Unknown,Unknown,Original,3 min.,PG - Children,11602.0,12964,363,1,82,0,35,79,167,7.0,1.0,5.0,4.0,8.0,13.0,2.0,6.0,3.0,12.0
32237,,,"Comedy, Fantasy, Magic",,,TV,,,Unknown,Fuji TV,Unknown,Unknown,Original,10 sec.,PG-13 - Teens 13 or older,13517.0,15418,169,0,13,62,6,44,44,8.0,2.0,,10.0,4.0,5.0,2.0,5.0,4.0,19.0
32353,,6.36,"Slice of Life, Comedy",,,TV,,,Spring 2016,"Fuji TV, Glovision",Unknown,Eiken,4-koma manga,5 min.,G - All Ages,6585.0,8479,2342,19,661,1,330,603,747,77.0,37.0,77.0,115.0,105.0,73.0,38.0,19.0,20.0,32.0
32773,,,"Adventure, Space, Comedy, Kids",,,Special,,,Unknown,NHK,Unknown,Ajia-Do,Unknown,24 min.,G - All Ages,11197.0,14030,260,0,66,0,15,66,113,5.0,4.0,2.0,3.0,11.0,7.0,5.0,,1.0,4.0
32799,,,"Kids, Music",,,ONA,,,Unknown,King Records,Unknown,Unknown,Music,2 min.,G - All Ages,12549.0,15743,154,0,49,0,13,44,48,4.0,,,2.0,5.0,6.0,4.0,3.0,4.0,3.0
32831,,5.25,"Action, Sports",,,ONA,,,Unknown,Unknown,Unknown,Unknown,Original,30 sec.,G - All Ages,10251.0,11953,538,1,247,1,97,77,116,6.0,2.0,4.0,27.0,37.0,69.0,43.0,18.0,12.0,26.0
32956,,,"Comedy, Parody, Kids, School",,,TV,,,Spring 2016,Unknown,Unknown,Pie in the sky,Original,5 min.,G - All Ages,13379.0,12513,434,0,112,0,36,131,155,6.0,1.0,3.0,7.0,15.0,4.0,13.0,7.0,5.0,18.0
33267,,,"Adventure, Fantasy",,,TV,,,Unknown,Unknown,Unknown,Unknown,Original,13 min.,Unknown,14712.0,12324,470,0,74,0,16,51,329,8.0,,4.0,2.0,4.0,3.0,1.0,2.0,2.0,7.0
33398,,,Comedy,,,TV,,,Summer 2016,Anime Beans,Unknown,Kachidoki Studio,Manga,1 min.,Unknown,11109.0,10632,938,1,126,0,29,194,589,6.0,,6.0,6.0,7.0,4.0,5.0,4.0,5.0,18.0
33443,,7.64,"Comedy, Supernatural",,,ONA,,,Unknown,Unknown,Unknown,Unknown,Original,7 min.,PG - Children,1174.0,8260,2547,26,786,1,210,148,1402,105.0,95.0,135.0,85.0,24.0,20.0,5.0,9.0,6.0,33.0
33736,,,School,,,ONA,,,Unknown,Unknown,Unknown,Unknown,Original,Unknown,Unknown,,10178,1140,1,0,0,0,0,1140,,,,,,,,,,
33737,,,"Mecha, School",,,TV,,,Summer 2021,Unknown,Unknown,OLM,Original,Unknown,Unknown,,10328,1084,1,0,0,0,0,1084,,,,,,,,,,
33852,,,"Sci-Fi, Comedy, Super Power, Supernatural, Romance",,,Unknown,,,Unknown,Unknown,Unknown,Unknown,Music,Unknown,PG-13 - Teens 13 or older,,2833,33044,68,0,0,1,0,33043,1.0,,,,,,,,,
33854,,,"Slice of Life, Comedy",,,ONA,,,Unknown,Unknown,Unknown,Unknown,Original,5 min.,PG-13 - Teens 13 or older,15172.0,15791,151,0,58,0,10,24,59,3.0,,2.0,3.0,3.0,7.0,3.0,2.0,4.0,9.0
33904,,5.24,Slice of Life,,,Special,,,Unknown,Unknown,Unknown,Unknown,Original,19 sec.,G - All Ages,10272.0,10568,964,0,356,0,140,87,381,10.0,3.0,4.0,28.0,48.0,117.0,48.0,21.0,12.0,23.0
33922,,,Comedy,,,ONA,,,Unknown,Unknown,Unknown,DLE,Original,4 min.,G - All Ages,12363.0,14343,237,1,62,0,21,57,97,2.0,,,4.0,3.0,6.0,4.0,8.0,4.0,12.0
34022,,,"Sports, School, Shounen",,,ONA,,,Unknown,Unknown,Unknown,Unknown,Manga,Unknown,PG - Children,12857.0,10894,835,3,106,1,29,56,643,8.0,3.0,5.0,10.0,4.0,3.0,4.0,,1.0,5.0
34092,,,"Slice of Life, Comedy",,,Movie,,,Unknown,Unknown,Unknown,Kachidoki Studio,Original,2 min.,G - All Ages,11233.0,15763,152,0,37,0,5,44,66,3.0,2.0,1.0,1.0,1.0,2.0,,1.0,3.0,4.0
34205,,,"Comedy, Super Power",,,ONA,,,Unknown,Unknown,Unknown,Unknown,Unknown,5 min.,G - All Ages,14154.0,14622,219,0,51,0,16,68,84,3.0,,1.0,2.0,3.0,8.0,6.0,4.0,3.0,9.0
34237,,,Sci-Fi,,,ONA,,,Unknown,Unknown,Unknown,Unknown,Original,3 min.,G - All Ages,15620.0,16039,138,0,37,0,7,33,61,4.0,,,1.0,1.0,2.0,2.0,3.0,4.0,5.0
34264,,,"Comedy, School",,,TV,,,Unknown,"TV Tokyo, TriF Studio",Unknown,KOO-KI,Original,Unknown,G - All Ages,,13029,355,0,0,0,0,0,355,,,,,,,,,,
34348,,,"Sci-Fi, Adventure",,,TV,,,Unknown,Unknown,Unknown,Gaina,Original,Unknown,G - All Ages,,9825,1359,2,0,0,0,0,1359,,,,,,,,,,
34454,,6.48,Fantasy,,,ONA,,,Unknown,Unknown,Unknown,Unknown,Game,28 sec.,G - All Ages,5994.0,5929,6281,10,1290,1,324,394,4272,69.0,38.0,89.0,163.0,147.0,87.0,26.0,13.0,11.0,23.0
34486,,,"Action, Fantasy",,,ONA,,,Unknown,Unknown,Unknown,Unknown,Game,1 min.,PG-13 - Teens 13 or older,12246.0,12214,487,0,130,0,36,44,277,7.0,1.0,3.0,16.0,10.0,26.0,6.0,2.0,2.0,11.0
34535,,6.74,"Comedy, Josei, Shounen Ai",,,Movie,,,Unknown,Unknown,Unknown,Gathering,Manga,39 sec.,G - All Ages,4717.0,6435,5110,19,828,0,340,202,3740,78.0,47.0,92.0,165.0,103.0,66.0,16.0,5.0,13.0,24.0
34566,,5.81,"Action, Adventure, Super Power, Martial Arts, Shounen",,,TV,,,Spring 2017,"TV Tokyo, Aniplex, Rakuonsha, Shueisha",VIZ Media,Studio Pierrot,Manga,23 min.,PG-13 - Teens 13 or older,8812.0,223,529732,5248,282596,26,67664,113677,65769,13925.0,12533.0,26748.0,48401.0,46794.0,35149.0,26204.0,14066.0,9479.0,13039.0
34832,,,"Action, Military, Sci-Fi, Music, Space, Romance, Mecha",,,TV,,,Unknown,Unknown,Unknown,Unknown,Original,23 min.,PG-13 - Teens 13 or older,,7501,3456,6,0,0,0,0,3456,,,,,,,,,,
34845,,,"Comedy, Parody, Fantasy",,,ONA,,,Unknown,VAP,Unknown,Pie in the sky,Original,2 min.,G - All Ages,11599.0,14402,233,0,53,0,27,46,107,5.0,,,2.0,3.0,13.0,1.0,2.0,2.0,10.0
34847,,,"Comedy, Fantasy, Game, Parody",,,Special,,,Unknown,VAP,Unknown,Unknown,Original,4 min.,PG - Children,11617.0,14620,220,0,47,0,22,47,104,4.0,1.0,,5.0,7.0,5.0,,,1.0,9.0
34941,,6.2,"Action, Adventure, Ecchi, Fantasy",,,OVA,,,Unknown,Unknown,Unknown,Unknown,Other,Unknown,R+ - Mild Nudity,7360.0,5255,8471,18,1514,0,469,325,6163,78.0,40.0,70.0,155.0,139.0,73.0,34.0,28.0,23.0,36.0
34990,,,"Kids, Fantasy",,,TV,,,Spring 2017,Unknown,Unknown,Unknown,Original,5 min.,G - All Ages,12745.0,16018,139,0,32,0,11,48,48,3.0,,,1.0,3.0,1.0,,2.0,,6.0
35211,,,"Mystery, Sci-Fi, Shounen, Thriller",,,ONA,,,Unknown,Unknown,Unknown,Unknown,Other,12 min.,R - 17+ (violence & profanity),,11039,785,0,0,0,0,0,785,,,,,,,,,,
35229,,,Kids,,,ONA,,,Unknown,Unknown,Unknown,Sanrio,Picture book,2 min.,G - All Ages,15706.0,16422,120,0,38,0,5,27,50,4.0,,,1.0,1.0,3.0,4.0,1.0,,6.0
35300,,6.18,"Drama, Magic",,,Special,,,Unknown,Unknown,Unknown,Unknown,Game,41 sec.,PG - Children,7453.0,4957,9774,46,1376,0,520,373,7505,101.0,45.0,77.0,151.0,165.0,131.0,45.0,29.0,20.0,35.0
35311,,,"Comedy, Slice of Life",,,ONA,,,Unknown,Unknown,Unknown,Unknown,Original,1 min.,G - All Ages,14864.0,15102,191,0,45,0,18,42,86,2.0,,,2.0,2.0,9.0,2.0,2.0,1.0,7.0
35312,,,"Comedy, Slice of Life",,,Movie,,,Unknown,Unknown,Unknown,Unknown,Original,2 min.,G - All Ages,14866.0,15035,193,0,40,0,14,52,87,2.0,,,2.0,1.0,5.0,2.0,5.0,,10.0
35335,,,"Comedy, School, Slice of Life",,,TV,,,Unknown,Harappa,Unknown,A-Real,Original,3 min.,PG - Children,,7465,3504,2,0,0,0,0,3504,,,,,,,,,,
35349,,,Kids,,,ONA,,,Unknown,Sanrio,Unknown,Unknown,Original,2 min.,G - All Ages,15472.0,14171,251,1,62,0,26,38,125,6.0,2.0,1.0,8.0,8.0,5.0,5.0,1.0,4.0,6.0
35362,,,"Music, Comedy, Fantasy",,,TV,,,Unknown,Unknown,Unknown,Unknown,Picture book,Unknown,Unknown,,9967,1261,1,0,0,0,0,1261,,,,,,,,,,
35372,,,"Music, Kids, Fantasy",,,TV,,,Spring 2017,NHK,Unknown,Unknown,Original,3 min.,G - All Ages,11465.0,15532,167,0,46,0,8,58,55,3.0,,1.0,,2.0,1.0,4.0,,5.0,9.0
35411,,,"Game, Fantasy",,,ONA,,,Unknown,Unknown,Unknown,Unknown,Game,34 sec.,G - All Ages,14512.0,10286,1093,5,235,0,41,70,747,15.0,2.0,7.0,16.0,12.0,9.0,2.0,5.0,5.0,9.0
35478,,,"Slice of Life, Comedy",,,TV,,,Spring 2017,"Gakken, MMDGP, Anime Beans",Unknown,Kachidoki Studio,Original,1 min.,G - All Ages,11125.0,10674,919,1,117,0,27,166,609,10.0,,,5.0,2.0,11.0,1.0,5.0,2.0,13.0
35552,,5.89,"Music, Comedy",,,Music,,,Unknown,Nintendo,Unknown,Unknown,Game,4 min.,G - All Ages,8547.0,10295,1089,3,320,0,233,136,400,41.0,18.0,23.0,61.0,79.0,58.0,26.0,16.0,15.0,20.0
35590,,,"Comedy, Parody",,,ONA,,,Unknown,Unknown,Unknown,Pie in the sky,Original,1 min.,G - All Ages,13380.0,15431,171,0,39,0,20,58,54,3.0,,,2.0,2.0,5.0,5.0,3.0,5.0,8.0
35621,,,"Game, Fantasy",,,ONA,,,Unknown,Unknown,Unknown,Unknown,Game,3 min.,G - All Ages,15319.0,15308,178,2,41,0,9,47,81,4.0,2.0,,3.0,4.0,1.0,2.0,2.0,3.0,5.0
35686,,6.31,"Comedy, Seinen",,,Special,,,Unknown,Unknown,Unknown,Unknown,Unknown,45 min.,PG - Children,6845.0,11496,653,4,278,2,61,92,220,33.0,14.0,30.0,57.0,39.0,25.0,7.0,7.0,7.0,9.0
35696,,,Kids,,,TV,,,Winter 2015,NHK,Unknown,Unknown,Original,5 min.,G - All Ages,15158.0,15505,168,0,38,0,15,50,65,3.0,1.0,,1.0,3.0,2.0,3.0,2.0,1.0,7.0
35697,,,"Kids, Magic",,,TV,,,Spring 2015,NHK,Unknown,Unknown,Original,5 min.,G - All Ages,13442.0,15412,172,0,38,0,12,61,61,3.0,,,2.0,5.0,1.0,,3.0,4.0,9.0
35698,,,"Sports, Kids",,,TV,,,Winter 2016,NHK,Unknown,Unknown,Original,5 min.,G - All Ages,11321.0,15741,155,0,42,0,9,53,51,3.0,,,,1.0,2.0,5.0,3.0,,6.0
35716,,,"Action, Police",,,ONA,,,Unknown,Unknown,Unknown,Trigger,Original,Unknown,R - 17+ (violence & profanity),,4671,11476,10,0,1,0,0,11475,,,,,,,,,,
35737,,,"Action, Sci-Fi, Mystery, Psychological, Mecha, Seinen",,,Unknown,,,Unknown,Genco,Unknown,Studio M2,Manga,Unknown,Unknown,,6095,5881,16,0,0,0,0,5881,,,,,,,,,,
35746,,,"Comedy, Drama, Romance, School, Shounen Ai, Slice of Life, Supernatural, Yaoi",,,OVA,,,Unknown,"Soft Garage, Shinshokan",Unknown,Unknown,Manga,22 min.,Unknown,,4637,11624,78,0,0,0,0,11624,,,,,,,,,,
35770,,5.96,"Slice of Life, Magic, Romance",,,Special,,,Unknown,Unknown,Unknown,"Shaft, Tatsunoko Production",Other,30 sec.,G - All Ages,8350.0,6202,5552,6,1237,2,730,401,3182,54.0,56.0,133.0,216.0,305.0,257.0,82.0,52.0,29.0,47.0
35926,,7.13,Hentai,,,OVA,,,Unknown,Mary Jane,Unknown,Unknown,Manga,15 min.,Rx - Hentai,,5816,6607,34,3263,8,1107,363,1866,254.0,274.0,509.0,698.0,390.0,168.0,72.0,43.0,20.0,18.0
35962,,,"Kids, Music",,,TV,,,Unknown,Unknown,Unknown,Unknown,Original,30 sec.,G - All Ages,11515.0,16543,115,0,29,0,5,39,42,4.0,,,1.0,,2.0,,3.0,1.0,6.0
36006,,,School,,,Unknown,,,Unknown,Unknown,Unknown,Unknown,Other,Unknown,Unknown,,6206,5594,6,0,0,0,0,5594,,,,,,,,,,
36064,,7.34,"Action, Fantasy",,,Special,,,Unknown,Unknown,Unknown,Unknown,Game,15 sec.,PG - Children,2149.0,3916,17325,73,4948,14,1028,632,10703,484.0,323.0,665.0,777.0,389.0,167.0,48.0,29.0,28.0,52.0
36127,,,"Historical, Drama",,,Special,,,Unknown,NHK,Unknown,Unknown,Other,5 min.,G - All Ages,13289.0,14139,253,0,67,0,30,49,107,4.0,1.0,5.0,10.0,17.0,8.0,1.0,1.0,,4.0
36184,,6.65,"Adventure, Martial Arts",,,ONA,,,Unknown,Unknown,Unknown,Unknown,Original,20 min.,PG-13 - Teens 13 or older,5143.0,10208,1127,4,288,0,84,57,698,11.0,18.0,16.0,41.0,19.0,12.0,8.0,3.0,3.0,6.0
36252,,,"Mystery, Supernatural, Romance, Josei",,,TV,,,Unknown,Unknown,Unknown,Unknown,Game,Unknown,Unknown,,9633,1476,0,0,0,0,0,1476,,,,,,,,,,
36409,,5.36,"Music, Comedy",,,TV,,,Fall 2017,Unknown,Unknown,DLE,Original,30 sec.,G - All Ages,10043.0,10127,1168,5,289,0,114,294,471,98.0,6.0,8.0,17.0,19.0,27.0,16.0,17.0,18.0,51.0
36411,,,"Samurai, Shounen",,,ONA,,,Unknown,Unknown,Unknown,Unknown,Game,4 min.,G - All Ages,15731.0,15662,159,0,42,0,11,44,62,6.0,,,1.0,3.0,3.0,1.0,2.0,3.0,5.0
36506,,,"Kids, Fantasy",,,TV,,,Summer 2017,NHK,Unknown,Unknown,Original,4 min.,G - All Ages,14062.0,15522,166,0,34,0,12,52,68,3.0,,2.0,1.0,2.0,4.0,,3.0,1.0,5.0
36543,,,"Comedy, Parody, Super Power",,,ONA,,,Unknown,Unknown,Unknown,Unknown,Original,11 min.,G - All Ages,14155.0,15553,164,0,42,0,11,51,60,3.0,,1.0,1.0,2.0,6.0,2.0,1.0,2.0,8.0
36588,,,"Comedy, Music, Parody, School",,,ONA,,,Unknown,Unknown,Unknown,Unknown,Original,1 min.,G - All Ages,15353.0,12525,433,2,138,1,37,44,213,12.0,9.0,9.0,16.0,13.0,5.0,2.0,1.0,3.0,8.0
36613,,,Music,,,Music,,,Unknown,NHK,Unknown,Unknown,Original,1 min.,G - All Ages,13453.0,16397,121,0,31,0,12,37,41,4.0,1.0,1.0,1.0,4.0,8.0,4.0,4.0,2.0,6.0
36639,,5.94,"Fantasy, Game",,,ONA,,,Unknown,Unknown,Unknown,Unknown,Card game,1 min.,G - All Ages,8423.0,10998,797,1,197,1,56,116,427,18.0,8.0,10.0,20.0,20.0,25.0,12.0,7.0,6.0,12.0
36686,,7.23,"Magic, Fantasy",,,OVA,,,Unknown,Unknown,Unknown,Unknown,Game,30 min.,PG-13 - Teens 13 or older,2636.0,6407,5131,24,972,0,450,114,3595,90.0,68.0,135.0,122.0,56.0,31.0,14.0,13.0,5.0,11.0
36700,,,"Kids, Fantasy",,,ONA,,,Unknown,Yumearu,Unknown,Unknown,Other,3 min.,G - All Ages,13091.0,16306,126,0,35,0,11,40,40,3.0,,,4.0,1.0,3.0,1.0,2.0,3.0,8.0
36724,,,"Slice of Life, Comedy",,,ONA,,,Unknown,Unknown,Unknown,Unknown,Original,2 min.,G - All Ages,13965.0,14143,253,0,58,0,28,54,113,6.0,,,2.0,5.0,12.0,5.0,1.0,3.0,8.0
36925,,,"Music, Slice of Life, Sports",,,TV,,,Unknown,Unknown,Unknown,Unknown,Game,Unknown,PG - Children,,10468,1012,4,0,0,0,0,1012,,,,,,,,,,
36952,,,"Action, Comedy, Sports, School, Shounen",,,OVA,,,Unknown,Unknown,Unknown,Unknown,Manga,Unknown,PG-13 - Teens 13 or older,12447.0,8292,2515,11,237,1,73,77,2127,22.0,18.0,19.0,18.0,14.0,10.0,2.0,,,6.0
37008,,,Music,,,TV,,,Summer 2021,Unknown,Unknown,Unknown,Music,Unknown,PG-13 - Teens 13 or older,,7944,2890,13,0,0,0,0,2890,,,,,,,,,,
37020,,,Comedy,,,ONA,,,Unknown,WOWOW,Unknown,dwarf,Original,15 sec.,G - All Ages,12880.0,15966,141,0,31,0,8,42,60,3.0,,,1.0,2.0,2.0,2.0,1.0,,7.0
37024,,,"Comedy, Parody",,,Special,,,Unknown,Unknown,Unknown,Unknown,Original,30 sec.,G - All Ages,15638.0,14787,207,0,26,56,9,41,75,3.0,,,4.0,5.0,14.0,10.0,3.0,2.0,15.0
37096,,,"Game, Kids",,,TV,,,Spring 2018,Akatsuki,Unknown,Studio Pierrot,Game,24 min.,PG - Children,11660.0,10571,962,6,147,0,37,121,657,7.0,4.0,3.0,15.0,14.0,9.0,4.0,7.0,4.0,10.0
37142,,,"Slice of Life, Cars",,,Special,,,Unknown,Unknown,Unknown,Unknown,Original,1 min.,G - All Ages,11206.0,15115,189,0,86,0,30,25,48,5.0,,1.0,10.0,8.0,17.0,20.0,6.0,5.0,6.0
37169,,,"Action, Fantasy",,,Unknown,,,Unknown,Bandai Namco Entertainment,Unknown,"CUCURI, Digital Network Animation",Original,Unknown,Unknown,,7701,3185,9,0,0,0,0,3185,,,,,,,,,,
37290,,,Sports,,,Special,,,Unknown,"NHK, NHK Enterprises",Unknown,"Nippon Animation, Gallop, TMS Entertainment, DLE",Original,5 min.,G - All Ages,13287.0,12461,444,1,117,0,72,77,178,11.0,9.0,8.0,30.0,22.0,8.0,2.0,2.0,1.0,5.0
37340,,6.13,Hentai,,,OVA,,,Unknown,Mary Jane,Unknown,Unknown,Visual novel,Unknown,Rx - Hentai,,8471,2346,8,1045,3,356,191,751,54.0,33.0,67.0,130.0,147.0,100.0,41.0,27.0,28.0,26.0
37343,,,Kids,,,Special,,,Unknown,NHK,Unknown,Unknown,Original,5 min.,G - All Ages,12895.0,15860,147,0,36,0,5,40,66,4.0,,1.0,2.0,1.0,,1.0,1.0,,6.0
37346,,,"Action, Comedy, Fantasy",,,ONA,,2021.0,Unknown,Unknown,Unknown,Unknown,Original,24 min.,PG-13 - Teens 13 or older,,5707,6949,15,0,0,0,0,6949,,,,,,,,,,
37616,,,"Drama, Romance, Shounen Ai",,,TV,,,Unknown,Unknown,Unknown,Unknown,Manga,Unknown,Unknown,,3589,20963,165,0,0,0,0,20963,,,,,,,,,,
37678,,,"Comedy, Parody",,,ONA,,,Unknown,Unknown,Unknown,Pie in the sky,Original,45 sec.,G - All Ages,13386.0,15021,194,0,77,0,20,52,45,3.0,,,1.0,7.0,12.0,9.0,7.0,6.0,17.0
37706,,6.56,"Parody, Demons",,,Special,,,Unknown,Unknown,Unknown,HOTZIPANG,Original,30 sec.,G - All Ages,5552.0,9693,1438,3,616,0,216,137,469,80.0,33.0,66.0,130.0,115.0,80.0,28.0,21.0,10.0,16.0
37818,,,Parody,,,Special,,,Unknown,Unknown,Unknown,Unknown,Original,30 sec.,G - All Ages,11433.0,10840,852,0,115,0,54,62,621,11.0,,2.0,5.0,12.0,12.0,7.0,2.0,1.0,14.0
37850,,,"Comedy, Slice of Life",,,ONA,,,Unknown,Unknown,Unknown,Unknown,Original,1 min.,G - All Ages,13930.0,14826,206,0,49,0,22,59,76,3.0,,,3.0,,16.0,2.0,3.0,3.0,9.0
37885,,5.29,"Action, Comedy, Super Power, Martial Arts, Fantasy, Shounen",,,ONA,,,Unknown,Unknown,Unknown,Toei Animation,Game,8 min.,PG-13 - Teens 13 or older,10150.0,2228,51731,205,23919,7,5329,10452,12024,1089.0,647.0,1362.0,2858.0,3735.0,3351.0,2467.0,1517.0,1184.0,1343.0
37914,,,"Sci-Fi, Space",,,Unknown,,,Unknown,Avex Pictures,Unknown,Production +h.,Original,Unknown,Unknown,,7916,2924,1,0,0,0,0,2924,,,,,,,,,,
38006,,,"Military, Sci-Fi, Music, Magic, Ecchi",,,TV,,,Unknown,Kadokawa,Unknown,Shaft,Original,Unknown,Unknown,,6215,5585,3,0,0,0,0,5585,,,,,,,,,,
38025,,,"Comedy, Parody, Super Power",,,ONA,,,Unknown,Unknown,Unknown,Unknown,Original,1 min.,G - All Ages,14434.0,14189,249,0,46,0,17,61,125,4.0,,,1.0,5.0,5.0,2.0,1.0,,7.0
38082,,,"Historical, Romance",,,Unknown,,,Unknown,Unknown,Unknown,Kyoto Animation,Light novel,Unknown,Unknown,,5067,9315,16,0,0,0,0,9315,,,,,,,,,,
38087,,,"Comedy, Parody, Fantasy",,,Special,,,Unknown,Unknown,Unknown,Unknown,Manga,Unknown,PG-13 - Teens 13 or older,11430.0,10853,842,1,41,104,27,55,615,10.0,,2.0,9.0,8.0,11.0,6.0,4.0,2.0,7.0
38099,,,Kids,,,TV,,,Spring 2011,Unknown,Unknown,Unknown,Original,1 min.,G - All Ages,11493.0,16474,118,0,28,0,5,44,41,3.0,,,1.0,1.0,,2.0,1.0,1.0,7.0
38192,,,"Sci-Fi, Mecha",,,TV,,,Fall 2021,"Sotsu, Mainichi Broadcasting System, Tohokushinsha Film Corporation, DeNA, Nippon Cultural Broadcasting",Unknown,Satelight,Novel,Unknown,Unknown,,6574,4856,2,0,0,0,0,4856,,,,,,,,,,
38273,,,"Action, Sci-Fi, Space, Comedy, Drama, Mecha",,,OVA,,,Unknown,Unknown,Unknown,Gaina,Original,Unknown,Unknown,,7152,3942,1,0,0,0,0,3942,,,,,,,,,,
38274,,,"Sports, Drama",,,Unknown,,,Unknown,Unknown,Unknown,Gaina,Original,Unknown,Unknown,,10857,847,0,0,0,0,0,847,,,,,,,,,,
38451,,,"Comedy, Kids, Parody",,,TV,,,Fall 2018,Shogakukan-Shueisha Productions,Unknown,Unknown,Original,1 min.,G - All Ages,11709.0,16438,119,0,27,0,7,42,43,3.0,,,1.0,1.0,,,2.0,,5.0
38585,,,"Drama, Fantasy, Magic, School, Slice of Life",,,TV,,,Unknown,Unknown,Unknown,J.C.Staff,Novel,Unknown,Unknown,,7489,3480,5,1,0,0,0,3479,,,,,,,,,,
38603,,,Game,,,ONA,,,Unknown,Unknown,Unknown,"TMS Entertainment, Echoes",Game,4 min.,G - All Ages,13189.0,13691,284,0,59,0,22,39,164,4.0,1.0,4.0,4.0,5.0,4.0,8.0,3.0,2.0,6.0
38609,,,Kids,,,ONA,,,Unknown,Unknown,Unknown,Unknown,Original,6 min.,G - All Ages,15415.0,17030,84,0,20,0,6,25,33,2.0,,,1.0,1.0,2.0,1.0,,1.0,6.0
38620,,6.69,Hentai,,,OVA,,,Unknown,PoRO,Unknown,Unknown,Light novel,22 min.,Rx - Hentai,,6716,4610,21,2114,4,783,304,1405,135.0,99.0,210.0,382.0,304.0,145.0,71.0,33.0,21.0,18.0
38623,,,"Comedy, Kids, Parody, School",,,ONA,,,Unknown,Unknown,Unknown,Unknown,Original,1 min.,G - All Ages,13397.0,16448,118,0,24,0,11,42,41,3.0,,,1.0,2.0,2.0,1.0,2.0,1.0,4.0
38626,,,Sports,,,ONA,,,Unknown,Sanrio,Unknown,Unknown,Original,15 sec.,G - All Ages,14727.0,14011,262,0,42,0,26,52,142,5.0,,,2.0,2.0,6.0,3.0,1.0,6.0,8.0
38711,,,Slice of Life,,,Special,,,Unknown,Unknown,Unknown,Unknown,Original,2 min.,G - All Ages,14041.0,13746,281,0,61,0,36,46,138,2.0,,2.0,10.0,12.0,12.0,5.0,4.0,4.0,7.0
38715,,5.74,"Action, Historical, Mecha",,,ONA,,,Unknown,Unknown,Unknown,Sunrise,Original,15 min.,PG - Children,9054.0,9372,1633,4,318,0,144,222,949,11.0,8.0,16.0,29.0,39.0,28.0,13.0,14.0,15.0,17.0
38745,,,"Comedy, Ecchi",,,Unknown,,,Unknown,Unknown,Unknown,Unknown,Visual novel,Unknown,R+ - Mild Nudity,,7962,2875,3,0,0,0,0,2875,,,,,,,,,,
38774,,,"Music, Slice of Life",,,Special,,,Unknown,Unknown,Unknown,Unknown,Original,1 min.,G - All Ages,12486.0,14802,207,0,73,0,33,45,56,6.0,,1.0,1.0,8.0,10.0,16.0,14.0,9.0,21.0
38776,,,Slice of Life,,,TV,,,Fall 2018,Unknown,Unknown,Unknown,Web manga,1 min.,PG-13 - Teens 13 or older,15453.0,14052,259,0,44,0,12,120,83,2.0,1.0,1.0,2.0,3.0,2.0,5.0,2.0,3.0,11.0
38820,,,Kids,,,ONA,,,Unknown,Unknown,Unknown,Unknown,Picture book,20 sec.,G - All Ages,13614.0,15794,150,0,38,0,21,35,56,3.0,,,2.0,2.0,10.0,6.0,5.0,,13.0
38827,,,Kids,,,ONA,,,Unknown,Kamio Japan,Unknown,Unknown,Original,51 sec.,G - All Ages,13011.0,15974,142,0,30,0,12,34,66,6.0,1.0,1.0,1.0,3.0,1.0,2.0,2.0,1.0,4.0
38903,,,"Sci-Fi, Space",,,Unknown,,,Unknown,Unknown,Unknown,Wit Studio,Original,Unknown,Unknown,,10415,1035,1,0,0,0,0,1035,,,,,,,,,,
38910,,,"Action, Fantasy",,,Unknown,,,Unknown,Unknown,Unknown,Unknown,Novel,Unknown,Unknown,,13231,330,2,0,0,0,0,330,,,,,,,,,,
38925,,,Slice of Life,,,Special,,,Unknown,Trash Studio,Unknown,Unknown,Original,1 min.,G - All Ages,14890.0,15559,164,0,37,0,26,35,66,2.0,,1.0,4.0,10.0,12.0,2.0,2.0,2.0,3.0
38926,,,Kids,,,ONA,,,Unknown,Unknown,Unknown,Unknown,Other,5 min.,G - All Ages,15127.0,16842,98,0,20,0,8,33,37,2.0,,,2.0,4.0,2.0,,,2.0,3.0
38927,,,Kids,,,ONA,,,Unknown,Unknown,Unknown,Unknown,Other,3 min.,G - All Ages,15129.0,16958,88,0,19,0,7,26,36,2.0,,,1.0,2.0,3.0,,1.0,,6.0
38928,,,Kids,,,Special,,,Unknown,Unknown,Unknown,Unknown,Other,1 min.,G - All Ages,15128.0,16981,87,0,20,0,10,24,33,2.0,,,1.0,4.0,1.0,1.0,,2.0,5.0
38975,,6.55,"Hentai, School",,,OVA,,,Unknown,PoRO,Unknown,Unknown,Visual novel,30 min.,Rx - Hentai,,7837,3003,5,1404,5,449,214,931,70.0,55.0,121.0,205.0,186.0,108.0,48.0,26.0,11.0,15.0
38982,,,"Action, Sci-Fi, Space, Drama, Mecha",,,ONA,,,Unknown,Sunrise,Unknown,Sunrise Beyond,Original,Unknown,R - 17+ (violence & profanity),,5610,7222,19,1,0,0,0,7221,,,,,,,,,,
39023,,,"Action, Historical, Martial Arts, Fantasy",,,ONA,,,Unknown,Unknown,Unknown,Sparkly Key Animation Studio,Novel,20 min.,PG-13 - Teens 13 or older,11671.0,10797,866,2,82,0,11,42,731,8.0,2.0,6.0,6.0,3.0,1.0,1.0,1.0,2.0,2.0
39091,,,"Historical, Kids",,,Special,,,Unknown,Unknown,Unknown,Unknown,Original,5 min.,G - All Ages,11422.0,17312,61,0,15,0,2,18,26,2.0,,,1.0,1.0,,,1.0,3.0,2.0
39110,,,"Slice of Life, Kids",,,TV,,,Unknown,TV Tokyo,Unknown,Unknown,Other,Unknown,PG - Children,,16020,139,0,0,0,0,0,139,,,,,,,,,,
39205,,,Kids,,,ONA,,,Unknown,Kamio Japan,Unknown,Unknown,Original,1 min.,G - All Ages,11427.0,16864,97,0,25,0,11,26,35,5.0,,,,5.0,1.0,,2.0,4.0,3.0
39222,,,Sci-Fi,,,ONA,,,Unknown,Unknown,Unknown,Signal.MD,Original,3 min.,G - All Ages,15698.0,12880,373,0,98,0,59,46,170,3.0,,4.0,12.0,31.0,22.0,6.0,7.0,4.0,2.0
39247,,,"Slice of Life, Comedy, Fantasy",,,TV,,,Summer 2021,"Lantis, Heart Company",Unknown,Kyoto Animation,Manga,Unknown,PG-13 - Teens 13 or older,,1346,106489,627,4,1,6,0,106478,4.0,,2.0,,,,,,,
39299,,6.7,Hentai,,,OVA,,,Unknown,Mary Jane,Unknown,Unknown,Visual novel,16 min.,Rx - Hentai,,7615,3302,13,1602,6,616,232,846,134.0,112.0,169.0,277.0,250.0,113.0,61.0,34.0,20.0,27.0
39365,,6.5,Hentai,,,OVA,,,Unknown,Unknown,Unknown,PoRO,Visual novel,18 min.,Rx - Hentai,,8475,2345,9,1043,1,365,122,814,42.0,40.0,81.0,158.0,121.0,64.0,31.0,17.0,10.0,10.0
39471,,6.73,Hentai,,,OVA,,,Unknown,Unknown,Unknown,PoRO,Visual novel,20 min.,Rx - Hentai,,6963,4188,15,2064,7,744,274,1099,126.0,99.0,240.0,399.0,287.0,162.0,58.0,33.0,18.0,10.0
39473,,,"Action, Game, Kids",,,TV,,,Unknown,Unknown,Unknown,Unknown,Game,Unknown,Unknown,,10951,818,1,0,0,0,0,818,,,,,,,,,,
39474,,,"Demons, Kids",,,TV,,,Unknown,Tonko House,Unknown,dwarf,Original,Unknown,G - All Ages,,16638,110,0,0,0,0,0,110,,,,,,,,,,
39489,,,"Action, Military, Sci-Fi, Adventure, Shounen",,,ONA,,2021.0,Unknown,Unknown,Unknown,David Production,Manga,Unknown,Unknown,,7361,3664,2,0,0,0,0,3664,,,,,,,,,,
39518,,,Vampire,,,ONA,,2021.0,Unknown,Netflix,Unknown,Wit Studio,Original,Unknown,Unknown,,8778,2085,2,0,0,0,0,2085,,,,,,,,,,
39546,,,"Comedy, Fantasy, Kids, Parody",,,ONA,,,Unknown,Unknown,Unknown,Unknown,Manga,1 min.,G - All Ages,15727.0,17243,66,0,17,0,4,16,29,1.0,,,,2.0,,1.0,2.0,,2.0
39559,,,"Romance, Ecchi, School",,,ONA,,,Unknown,"Anime Beans, Cloud22",Unknown,Asura Film,Manga,Unknown,R+ - Mild Nudity,13941.0,12634,413,1,59,0,18,31,305,2.0,1.0,1.0,,1.0,,,1.0,,1.0
39611,,,"Music, Parody",,,Special,,,Unknown,Unknown,Unknown,Unknown,Original,30 sec.,G - All Ages,14261.0,14747,210,0,33,0,34,35,108,1.0,,,1.0,1.0,1.0,6.0,5.0,7.0,7.0
39650,,,"Music, Dementia",,,ONA,,,Unknown,Unknown,Unknown,Unknown,Original,1 min.,G - All Ages,13944.0,13772,278,0,74,0,51,69,84,3.0,,2.0,4.0,5.0,20.0,14.0,12.0,11.0,24.0
39653,,5.8,"Adventure, Comedy, Fantasy",,,ONA,,,Unknown,Unknown,Unknown,Unknown,Game,1 min.,PG - Children,8839.0,9652,1465,3,381,0,135,107,842,20.0,4.0,14.0,25.0,38.0,32.0,17.0,7.0,8.0,12.0
39659,,,"Comedy, Kids",,,ONA,,,Unknown,Sanrio,Unknown,Unknown,Original,52 sec.,G - All Ages,13661.0,12397,459,0,75,0,57,41,286,3.0,1.0,,8.0,9.0,11.0,9.0,4.0,5.0,9.0
39680,,6.3,"Fantasy, Hentai",,,OVA,,,Unknown,Unknown,Unknown,PoRO,Novel,24 min.,Rx - Hentai,,8487,2334,13,1155,2,438,176,563,61.0,54.0,88.0,186.0,174.0,105.0,54.0,28.0,20.0,18.0
39725,,6.11,"Music, Slice of Life, Comedy, School",,,TV,,,Winter 2021,"Half H.P Studio, Twin Engine",Unknown,Lay-duce,Game,24 min.,Unknown,7781.0,5345,8104,63,3354,4,160,733,3853,145.0,82.0,123.0,255.0,253.0,209.0,104.0,59.0,41.0,41.0
39794,,6.28,Hentai,,,OVA,,,Unknown,Unknown,Unknown,Unknown,Original,30 min.,Rx - Hentai,,8760,2081,10,997,2,356,152,574,43.0,32.0,83.0,147.0,145.0,88.0,41.0,19.0,17.0,16.0
39839,,,"Comedy, Parody, Super Power",,,ONA,,,Unknown,Unknown,Unknown,DLE,Original,2 min.,G - All Ages,12358.0,15237,182,0,29,0,17,52,84,2.0,,,,4.0,3.0,,2.0,,6.0
39864,,6.52,Comedy,,,Special,,,Unknown,Unknown,Unknown,Unknown,Original,6 min.,PG-13 - Teens 13 or older,5795.0,8485,2339,12,705,3,216,92,1323,66.0,30.0,47.0,77.0,79.0,45.0,8.0,6.0,5.0,11.0
39893,,,"Action, Comedy, Kids, Magic, Mecha, Sci-Fi, Shounen, Super Power",,,TV,,,Unknown,Unknown,Unknown,Unknown,Original,Unknown,Unknown,,15263,182,0,0,0,0,0,182,,,,,,,,,,
39894,,,"Music, Drama, School",,,Unknown,,,Unknown,Unknown,Unknown,Kyoto Animation,Novel,23 min.,PG-13 - Teens 13 or older,,4396,13224,20,0,0,0,0,13224,,,,,,,,,,
39905,,,"Josei, Mystery, Police, Romance, Thriller",,,TV,,,Unknown,Unknown,Unknown,Unknown,Visual novel,Unknown,Unknown,,8610,2221,15,0,0,0,0,2221,,,,,,,,,,
39917,,,"Action, Historical, Samurai",,,Unknown,,,Unknown,Unknown,Unknown,Unknown,Other,Unknown,Unknown,,13836,273,0,0,0,0,0,273,,,,,,,,,,
40022,,6.68,Hentai,,,OVA,,,Unknown,Mary Jane,Unknown,Studio 1st,Visual novel,16 min.,Rx - Hentai,,7437,3547,31,1648,1,624,204,1070,124.0,107.0,183.0,271.0,233.0,143.0,53.0,33.0,21.0,21.0
40023,,7.14,Hentai,,,OVA,,,Unknown,Mary Jane,Unknown,Unknown,Manga,15 min.,Rx - Hentai,,6248,5507,40,2711,11,995,332,1458,230.0,220.0,485.0,566.0,341.0,158.0,61.0,33.0,13.0,21.0
40029,,,Comedy,,,ONA,,,Unknown,Unknown,Unknown,Unknown,Original,24 sec.,G - All Ages,13525.0,16264,126,0,40,0,11,33,42,17.0,,,,3.0,3.0,2.0,,4.0,5.0
40034,,6.59,"Music, Slice of Life",,,Special,,,Unknown,Unknown,Unknown,"Enishiya, FILMONY",Original,20 sec.,G - All Ages,5418.0,8045,2765,8,730,5,349,196,1485,107.0,32.0,70.0,151.0,114.0,70.0,17.0,8.0,10.0,25.0
40054,,,"Action, Military, Sci-Fi, Supernatural, Seinen",,,Unknown,,,Unknown,Unknown,Unknown,Sunrise,Manga,Unknown,Unknown,,4652,11561,15,0,0,0,0,11561,,,,,,,,,,
40089,,,Unknown,,,TV,,,Fall 2017,Unknown,Unknown,Unknown,Unknown,5 min.,G - All Ages,11567.0,12638,412,0,198,0,6,119,89,78.0,,31.0,,4.0,,47.0,,2.0,28.0
40129,,5.34,"Game, Slice of Life, Comedy",,,TV,,,Winter 2020,LIDENFILMS Osaka Studio,Unknown,LIDENFILMS,Card game,3 min.,PG-13 - Teens 13 or older,10077.0,7738,3142,3,827,1,197,529,1588,27.0,11.0,22.0,69.0,95.0,134.0,73.0,39.0,21.0,26.0
40141,,,Comedy,,,ONA,,,Unknown,Unknown,Unknown,DLE,Original,2 min.,G - All Ages,13806.0,15768,152,0,24,0,9,54,65,,,,2.0,3.0,2.0,1.0,2.0,1.0,6.0
40145,,5.4,"Action, Game, Fantasy, Shounen",,,TV,,,Spring 2020,Unknown,Unknown,Bridge,Card game,24 min.,PG-13 - Teens 13 or older,9943.0,4564,12037,54,3186,2,595,1456,6798,94.0,62.0,142.0,344.0,322.0,314.0,187.0,130.0,116.0,155.0
40155,,,"Music, Sports, Kids",,,ONA,,,Unknown,Unknown,Unknown,Unknown,Original,1 min.,G - All Ages,12552.0,16247,127,0,35,0,26,22,44,2.0,,1.0,5.0,8.0,4.0,,2.0,1.0,4.0
40174,,,"Music, Comedy, Supernatural",,,TV,,,Spring 2021,Unknown,Unknown,MAPPA,Original,23 min.,R - 17+ (violence & profanity),,2101,56858,98,5,0,0,0,56853,,2.0,,1.0,,,,,,1.0
40188,,,"Kids, Music",,,Music,,,Unknown,Unknown,Unknown,Unknown,Original,2 min.,G - All Ages,15410.0,17222,66,0,16,0,10,14,26,,,1.0,1.0,1.0,1.0,3.0,,3.0,2.0
40305,,6.26,Hentai,,,OVA,,,Unknown,BOMB! CUTE! BOMB!,Unknown,Unknown,Game,14 min.,Rx - Hentai,,8665,2154,5,1006,3,404,141,600,42.0,29.0,75.0,152.0,169.0,88.0,33.0,25.0,12.0,15.0
40316,,,"Magic, Shoujo",,,ONA,,,Unknown,Unknown,Unknown,Unknown,Other,2 min.,G - All Ages,11545.0,16431,120,0,18,6,8,34,54,,,,2.0,2.0,1.0,,1.0,2.0,5.0
40327,,6.51,"Adventure, Kids, Fantasy",,,TV,,,Spring 2020,Sanrio,Unknown,J.C.Staff,Other,24 min.,G - All Ages,5870.0,6983,4165,14,1363,0,266,411,2125,53.0,45.0,72.0,143.0,138.0,85.0,32.0,15.0,11.0,9.0
40351,,7.28,"Action, Adventure, Comedy, Kids, Fantasy",,,TV,,,Fall 2019,"TV Tokyo, Shogakukan-Shueisha Productions, MediaNet",Unknown,OLM,Game,23 min.,PG - Children,2435.0,2511,41344,337,23143,5,4444,3582,10170,1101.0,1423.0,3094.0,3646.0,1673.0,782.0,247.0,123.0,82.0,120.0
40356,,,"Action, Adventure, Drama, Fantasy",,,TV,,,Unknown,Glovision,Unknown,"Kinema Citrus, DR Movie",Light novel,24 min.,PG-13 - Teens 13 or older,,681,219840,2705,6,1,15,2,219816,11.0,3.0,2.0,1.0,,,,,,
40357,,,"Action, Adventure, Drama, Fantasy",,,TV,,,Unknown,Unknown,Unknown,Unknown,Light novel,Unknown,PG-13 - Teens 13 or older,,1323,108628,708,1,1,7,1,108618,7.0,,2.0,1.0,,,,,,
40393,,,"Parody, Super Power",,,ONA,,,Unknown,Unknown,Unknown,Unknown,Original,3 min.,G - All Ages,12376.0,16017,139,0,21,0,14,27,77,2.0,,,1.0,4.0,,2.0,,,4.0
40398,,6.02,Hentai,,,OVA,,,Unknown,Unknown,Unknown,Unknown,Manga,30 min.,Rx - Hentai,,8284,2520,8,1273,6,370,216,655,75.0,45.0,94.0,156.0,172.0,159.0,90.0,51.0,27.0,28.0
40434,,,"Action, Historical, Demons, Supernatural, Drama, Magic",,,ONA,,,Unknown,Tencent Penguin Pictures,Unknown,B.CMAY PICTURES,Novel,Unknown,Unknown,,3989,16768,119,1,0,0,0,16767,,,,,,,,,,
40471,,5.88,Hentai,,,OVA,,,Unknown,Unknown,Unknown,Nur,Original,30 min.,Rx - Hentai,,8745,2096,6,1009,1,341,148,597,39.0,20.0,57.0,100.0,164.0,122.0,59.0,35.0,26.0,14.0
40488,,,Sports,,,ONA,,,Unknown,Unknown,Unknown,Diomedéa,Other,Unknown,Unknown,,9905,1312,5,0,0,0,0,1312,,,,,,,,,,
40506,,5.09,"Game, Fantasy",,,TV,,,Spring 2020,"TV Tokyo, Sonilude",Unknown,Zexcs,Card game,24 min.,PG - Children,10501.0,4901,10041,26,3697,1,616,2322,3405,85.0,72.0,150.0,315.0,438.0,526.0,377.0,240.0,153.0,153.0
40507,,,"Action, Adventure, Harem, Fantasy",,,TV,,,Unknown,Unknown,Unknown,Unknown,Light novel,Unknown,PG-13 - Teens 13 or older,,1611,84196,986,4,0,6,1,84185,7.0,1.0,,1.0,,,,,,
40520,,6.27,Hentai,,,OVA,,,Unknown,T-Rex,Unknown,Unknown,Manga,30 min.,Rx - Hentai,,7997,2811,5,1310,4,456,204,837,64.0,57.0,136.0,228.0,177.0,111.0,69.0,36.0,23.0,37.0
40526,,,"Comedy, Fantasy, Shounen",,,TV,,,Spring 2021,Pony Canyon,Unknown,Signal.MD,Manga,Unknown,Unknown,,5758,6907,25,0,0,1,0,6906,,,,,,,,,,
40586,,,"Comedy, Fantasy",,,TV,,,Spring 2021,"Nippon Columbia, Studio Mausu",Unknown,Revoroot,Light novel,Unknown,Unknown,,2854,32490,165,4,0,1,0,32485,1.0,1.0,,,,,,,,1.0
40590,,,"Action, Drama, Fantasy",,,TV,,,Unknown,Unknown,Unknown,Unknown,Visual novel,Unknown,PG-13 - Teens 13 or older,,5803,6657,10,0,0,0,0,6657,,,,,,,,,,
40608,,,"Action, Military, Sci-Fi, Drama, Mecha",,,TV,,,Fall 2021,Fuji TV,Unknown,Unknown,Visual novel,Unknown,R+ - Mild Nudity,,7092,4046,25,0,0,0,0,4046,,,,,,,,,,
40620,,,"Slice of Life, Comedy",,,TV,,,Summer 2021,Unknown,Unknown,Studio Blanc,Web manga,Unknown,Unknown,,7024,4176,10,0,0,0,0,4176,1.0,,,,,,,,,
40632,,,"Slice of Life, Romance, Shoujo",,,ONA,,,Unknown,Unknown,Unknown,Unknown,Web manga,Unknown,Unknown,,10106,1188,2,0,0,0,0,1188,,,,,,,,,,
40652,,,"Historical, Demons, Supernatural",,,TV,,,Unknown,Unknown,Unknown,Unknown,Game,Unknown,Unknown,,9056,1872,4,0,0,0,0,1872,,,,,,,,,,
40682,,8.4,"Action, Historical, Military, Seinen",,,TV,,,Spring 2020,"NHK, Shueisha",Funimation,Studio Signpost,Manga,25 min.,R - 17+ (violence & profanity),157.0,2579,39329,443,15360,5,2725,663,20576,1993.0,1773.0,1561.0,728.0,229.0,110.0,49.0,29.0,33.0,144.0
40685,,,"Slice of Life, School",,,TV,,,Spring 2021,Bandai Namco Arts,Unknown,Studio Kai,Light novel,Unknown,Unknown,,6841,4535,19,0,0,0,0,4535,,,,,,,,,,
40714,,6.28,"Comedy, Demons, Kids, Supernatural, School",,,TV,,,Winter 2020,Unknown,Unknown,OLM,Game,24 min.,Unknown,7006.0,10776,875,3,211,1,56,96,511,15.0,7.0,16.0,30.0,20.0,12.0,9.0,6.0,2.0,6.0
40717,,,Unknown,,,Unknown,,,Unknown,Unknown,Unknown,Unknown,Original,Unknown,Unknown,,11969,541,0,0,0,0,0,541,,,,,,,,,,
40729,,,"Action, Sci-Fi, Slice of Life, Sports, Drama",,,TV,,,Spring 2021,Unknown,Unknown,TMS Entertainment,Original,Unknown,R - 17+ (violence & profanity),,2448,43556,73,1,0,3,0,43552,1.0,,,,,,,,,
40732,,,"Action, Adventure, Mystery, Historical, Martial Arts",,,ONA,,,Unknown,bilibili,Unknown,CG Year,Novel,Unknown,PG-13 - Teens 13 or older,,12936,368,2,0,0,0,0,368,,,,,,,,,,
40752,,,"Mystery, School",,,TV,,,Spring 2021,"Aniplex, Kodansha",Unknown,Shaft,Novel,Unknown,Unknown,,6538,4954,10,0,0,0,0,4954,,,,,,,,,,
40768,,,"Sci-Fi, Kids",,,ONA,,,Unknown,Unknown,Unknown,Yonago Gainax,Original,4 min.,G - All Ages,14056.0,16656,107,0,25,0,18,25,39,,,1.0,1.0,5.0,8.0,3.0,2.0,1.0,3.0
40834,,,"Action, Adventure, Comedy, Historical, Fantasy, Seinen",,,TV,,,Unknown,"Aniplex, Fuji TV",Unknown,Wit Studio,Manga,Unknown,Unknown,,9645,1503,0,1,0,0,0,1502,,,,,,,,,,
40844,,,"Adventure, Music, Fantasy",,,ONA,,,Unknown,Unknown,Unknown,Unknown,Manga,1 min.,G - All Ages,13969.0,17332,59,0,14,0,13,12,20,,,,1.0,1.0,2.0,2.0,,1.0,3.0
40870,,,"Action, Sci-Fi, Mecha",,,TV,,,Spring 2021,"Pony Canyon, Tsuburaya Productions",Unknown,Trigger,Original,Unknown,Unknown,,3304,24979,93,0,0,1,0,24978,,,,,,,,,,
40880,,6.51,"Music, Slice of Life, Comedy, Magic, Shoujo",,,TV,,,Spring 2020,syn Sophia,Unknown,Tatsunoko Production,Game,24 min.,PG - Children,5867.0,10269,1102,3,308,0,40,104,650,22.0,15.0,16.0,17.0,15.0,14.0,8.0,2.0,5.0,7.0
40885,,,Sci-Fi,,,ONA,,,Unknown,Unknown,Unknown,Unknown,Novel,Unknown,Unknown,,13964,267,3,0,0,0,0,267,,,,,,,,,,
40888,,,"Comedy, Parody, Mecha",,,Special,,,Unknown,Unknown,Unknown,Unknown,Original,1 min.,PG - Children,15631.0,12440,447,0,70,0,32,39,306,3.0,1.0,,3.0,3.0,5.0,1.0,,3.0,4.0
40904,,,Comedy,,,TV,,,Unknown,Front Wing,Unknown,feel.,Light novel,Unknown,Unknown,,7566,3928,8,9,0,4,1,3914,3.0,,,1.0,,,,,,
40906,,7.08,"Action, Adventure, Fantasy, Shounen",,,TV,,,Fall 2020,"TV Tokyo, Square Enix, Shueisha",Unknown,Toei Animation,Manga,24 min.,PG-13 - Teens 13 or older,3277.0,2528,40668,3061,22988,5,1831,3087,12757,3560.0,829.0,1802.0,2433.0,1206.0,689.0,239.0,105.0,57.0,71.0
40922,,5.78,Hentai,,,OVA,,,Unknown,Pink Pineapple,Unknown,Seven,Manga,20 min.,Rx - Hentai,,8630,2192,12,1098,5,323,201,565,54.0,39.0,83.0,135.0,156.0,124.0,86.0,47.0,54.0,32.0
40935,,8.06,"Slice of Life, Psychological, Drama, Shounen",,,TV,,,Winter 2021,"Movic, Fuji TV, Bandai, Toho, BS Fuji, Q-Tec, Akita Shoten, Hakuhodo DY Media Partners, Bandai Spirits",Unknown,Orange,Manga,22 min.,R - 17+ (violence & profanity),465.0,851,176946,883,74413,10,2508,918,99097,2359.0,4627.0,7366.0,3622.0,943.0,344.0,139.0,65.0,38.0,179.0
40938,,,"Drama, Romance",,,TV,,,Spring 2021,"Pony Canyon, Magic Capsule, Dream Shift",Unknown,Project No.9,Light novel,Unknown,Unknown,,2718,35871,947,14,0,3,3,35851,3.0,4.0,2.0,1.0,1.0,,,,,1.0
40939,,,Comedy,,,TV,,,Winter 2020,Unknown,Unknown,Kachidoki Studio,Digital manga,1 min.,Unknown,15471.0,12419,452,0,61,0,15,92,284,4.0,,2.0,3.0,1.0,4.0,3.0,1.0,3.0,8.0
40941,,5.47,Hentai,,,OVA,,,Unknown,Unknown,Unknown,Unknown,Manga,21 min.,Rx - Hentai,,8917,1953,10,880,3,259,177,634,36.0,18.0,53.0,87.0,103.0,114.0,88.0,50.0,42.0,35.0
40957,,6.63,"Comedy, Shounen",,,TV,,,Winter 2021,Kodansha,Unknown,"Production I.G, Nihon Ad Systems",Manga,24 min.,PG-13 - Teens 13 or older,5233.0,7944,2887,9,1201,1,47,113,1525,29.0,20.0,60.0,104.0,85.0,27.0,15.0,3.0,6.0,6.0
40959,,6.37,Hentai,,,OVA,,,Unknown,Unknown,Unknown,Unknown,Visual novel,17 min.,Rx - Hentai,,7913,2923,2,1344,2,440,171,966,72.0,42.0,124.0,193.0,215.0,104.0,47.0,41.0,18.0,24.0
40960,,,"Comedy, Fantasy",,,TV,,,Summer 2021,Unknown,Unknown,EMT Squared,Light novel,Unknown,Unknown,,5282,8438,27,1,0,0,1,8436,,,,,,,,,,
41005,,,"Horror, Supernatural, Romance, Ecchi",,,OVA,,,Unknown,Unknown,Unknown,Unknown,Manga,Unknown,Unknown,,5668,7076,24,0,0,0,0,7076,,,,,,,,,,
41062,,5.49,"Action, Adventure, Mecha, Sci-Fi",,,TV,,,Spring 2020,Unknown,Unknown,OLM,Other,24 min.,PG - Children,9712.0,10759,884,1,196,1,39,195,453,6.0,4.0,4.0,19.0,10.0,20.0,12.0,17.0,9.0,14.0
41084,,,"Sci-Fi, Adventure, Mystery, Drama, Fantasy",,,Unknown,,,Unknown,Unknown,Unknown,Unknown,Web manga,Unknown,R - 17+ (violence & profanity),,1662,81060,251,1,2,2,0,81055,3.0,1.0,,,,,,,,
41097,,,"Music, Slice of Life",,,ONA,,,Unknown,Unknown,Unknown,Unknown,Original,6 sec.,G - All Ages,15694.0,17283,63,0,16,0,8,16,23,,,,,,1.0,2.0,1.0,2.0,1.0
41100,,,"Music, Kids",,,ONA,,,Unknown,Kamio Japan,Unknown,Unknown,Original,1 min.,G - All Ages,14999.0,17273,64,0,14,0,8,16,26,1.0,,,,2.0,,,,1.0,3.0
41101,,,"Slice of Life, Kids",,,TV,,,Spring 2020,Unknown,Unknown,Kachidoki Studio,Other,1 min.,G - All Ages,11584.0,15048,192,1,31,0,7,32,122,1.0,,1.0,1.0,3.0,4.0,1.0,1.0,,6.0
41103,,,"Comedy, Romance",,,TV,,,Spring 2021,"Sonilude, Blooms",Unknown,Nomad,Web manga,Unknown,Unknown,,4072,16254,107,2,0,3,0,16249,,,,,,,,,,
41137,,,"Game, Military, Sci-Fi, Adventure, Demons",,,ONA,,,Unknown,Unknown,Unknown,Bandai Namco Pictures,Card game,Unknown,PG - Children,13427.0,11528,643,1,134,1,23,51,434,7.0,2.0,6.0,6.0,14.0,8.0,4.0,3.0,2.0,2.0
41169,,,"Music, Slice of Life, School",,,TV,,,Summer 2021,Unknown,Unknown,Unknown,Other,Unknown,PG-13 - Teens 13 or older,,4871,10273,45,0,0,0,0,10273,,,,,,,,,,
41200,,6.78,Hentai,,,OVA,,,Unknown,Pink Pineapple,Unknown,Unknown,Manga,20 min.,Rx - Hentai,,7270,3765,23,1941,6,569,226,1023,150.0,123.0,250.0,329.0,269.0,172.0,66.0,26.0,21.0,16.0
41211,,5.96,Hentai,,,ONA,,,Unknown,Unknown,Unknown,Peak Hunt,Game,24 min.,Rx - Hentai,,10151,1161,3,496,4,181,89,391,23.0,13.0,39.0,53.0,54.0,42.0,31.0,15.0,12.0,12.0
41212,,5.29,Hentai,,,ONA,,,Unknown,BOMB! CUTE! BOMB!,Unknown,Unknown,Game,15 min.,Rx - Hentai,,10756,883,2,414,2,133,85,249,13.0,1.0,18.0,32.0,51.0,56.0,33.0,18.0,26.0,23.0
41220,,,"Action, Adventure, Historical, Martial Arts",,,ONA,,,Unknown,bilibili,Unknown,Unknown,Manga,Unknown,Unknown,,13896,271,4,0,0,0,0,271,,,,,,,,,,
41221,,,"Comedy, Fantasy, Historical, Romance",,,ONA,,,Unknown,bilibili,Unknown,Unknown,Manga,Unknown,Unknown,,11042,786,3,0,0,0,0,786,,,,,,,,,,
41235,,5.2,Hentai,,,OVA,,,Unknown,Unknown,Unknown,Unknown,Manga,20 min.,Rx - Hentai,,9274,1703,1,843,3,276,170,411,20.0,20.0,46.0,75.0,121.0,126.0,109.0,59.0,39.0,50.0
41236,,6.93,Hentai,,,OVA,,,Unknown,Nur,Unknown,PoRO,Original,30 min.,Rx - Hentai,,7399,3586,26,1870,7,629,192,888,130.0,139.0,246.0,360.0,236.0,121.0,43.0,21.0,14.0,13.0
41265,,,"Action, Military, Historical, Supernatural, Vampire",,,TV,,,Spring 2021,Unknown,Unknown,Signal.MD,Other,Unknown,Unknown,,4404,13159,62,1,0,1,0,13157,1.0,1.0,,,,,,,,
41276,,,"Fantasy, Kids, School",,,TV,,,Winter 2020,Unknown,Unknown,Unknown,Other,1 min.,G - All Ages,11365.0,17018,84,0,20,0,7,26,31,,,,1.0,1.0,,,,,7.0
41299,,,"Slice of Life, Comedy",,,ONA,,,Unknown,Unknown,Unknown,Unknown,4-koma manga,Unknown,PG-13 - Teens 13 or older,13707.0,10843,851,0,124,0,34,34,659,7.0,1.0,6.0,13.0,4.0,4.0,4.0,,1.0,3.0
41375,,6.07,"Hentai, Fantasy",,,ONA,,,Unknown,BOMB! CUTE! BOMB!,Unknown,Unknown,Game,16 min.,Rx - Hentai,,9716,1422,5,724,1,245,103,349,40.0,28.0,48.0,101.0,107.0,81.0,41.0,19.0,19.0,17.0
41381,,5.42,"Music, School",,,TV,,,Spring 2020,Unknown,Unknown,"OLM, Wit Studio",Game,3 min.,PG-13 - Teens 13 or older,9892.0,9775,1388,1,359,0,82,208,739,7.0,5.0,8.0,15.0,23.0,48.0,28.0,11.0,15.0,16.0
41383,,,"Comedy, Demons, Kids, Supernatural, Fantasy",,,TV,,,Summer 2020,Unknown,Unknown,Fanworks,Picture book,2 min.,Unknown,11277.0,12773,387,0,117,0,32,92,146,2.0,3.0,1.0,7.0,15.0,18.0,15.0,6.0,5.0,6.0
41384,,,"Slice of Life, Cars, Comedy, Kids",,,TV,,,Spring 2020,Unknown,Unknown,CloverWorks,Original,5 min.,PG - Children,11240.0,15621,160,0,36,0,13,38,73,1.0,,,1.0,4.0,3.0,2.0,,3.0,3.0
41396,,6.67,Hentai,,,OVA,,,Unknown,Unknown,Unknown,Unknown,Manga,30 min.,Rx - Hentai,,8452,2374,15,1079,7,368,119,801,68.0,63.0,114.0,207.0,175.0,83.0,37.0,15.0,7.0,8.0
41397,,6.4,Hentai,,,OVA,,,Unknown,Unknown,Unknown,PoRO,Visual novel,30 min.,Rx - Hentai,,8006,2805,15,1388,3,456,169,789,64.0,55.0,127.0,228.0,210.0,151.0,50.0,28.0,12.0,17.0
41402,,,"Comedy, Demons, Supernatural, Fantasy, School, Shounen",,,TV,,,Spring 2021,"NHK, NHK Enterprises",Unknown,Bandai Namco Pictures,Manga,Unknown,PG-13 - Teens 13 or older,,2282,49726,313,5,0,3,1,49717,6.0,1.0,1.0,,,,,,,1.0
41404,,,"Historical, Parody, Kids, Samurai",,,TV,,,Spring 2020,NHK,Unknown,Unknown,Web manga,9 min.,G - All Ages,11116.0,15546,164,0,18,0,5,32,109,1.0,,,,3.0,2.0,,1.0,,3.0
41439,,6.3,"Action, Sci-Fi, Adventure, Sports, Shounen",,,ONA,,,Unknown,Unknown,Unknown,Unknown,Original,12 min.,PG - Children,6866.0,8990,1904,39,844,2,103,150,805,94.0,34.0,65.0,86.0,84.0,66.0,23.0,17.0,10.0,13.0
41456,,,"Action, Comedy, Fantasy",,,TV,,,Spring 2021,Kadokawa,Unknown,J.C.Staff,Light novel,Unknown,Unknown,,4446,13176,83,5,0,2,0,13169,1.0,,1.0,,,,,,,
41457,86.0,,"Sci-Fi, Drama",,,TV,,,Spring 2021,Unknown,Unknown,A-1 Pictures,Light novel,Unknown,Unknown,,3759,19269,153,2,0,0,0,19267,1.0,,,,,,,,,
41458,,,"Comedy, Kids",,,TV,,,Spring 2020,TV Tokyo,Unknown,Directions,Unknown,Unknown,PG - Children,11402.0,17079,79,0,10,0,2,26,41,,,,,1.0,,,,1.0,5.0
41461,,,"Harem, Comedy, Romance, School",,,TV,,,Unknown,Unknown,Unknown,Unknown,Light novel,Unknown,R - 17+ (violence & profanity),,2151,54581,425,3,0,4,1,54573,3.0,,,1.0,,1.0,,,,
41467,,,"Action, Adventure, Comedy, Super Power, Supernatural, Shounen",,,Unknown,,,Unknown,Shueisha,Unknown,Unknown,Manga,Unknown,PG-13 - Teens 13 or older,,1986,61371,503,1,1,0,0,61369,3.0,,,,,,,,,
41487,,,"Comedy, Fantasy",,,TV,,,Summer 2021,Unknown,Unknown,8bit,Light novel,Unknown,PG-13 - Teens 13 or older,,1661,81377,256,6,1,4,0,81366,2.0,,2.0,1.0,,,,,,
41488,,,"Slice of Life, Comedy, Fantasy, Shounen",,,TV,,,Spring 2021,Unknown,Unknown,8bit,Manga,Unknown,PG-13 - Teens 13 or older,,1961,62412,277,5,1,4,0,62402,4.0,1.0,,1.0,,,,,,
41497,,,"Action, Supernatural, Magic, Fantasy",,,Unknown,,,Unknown,Unknown,Unknown,Unknown,Game,Unknown,PG-13 - Teens 13 or older,,3511,21912,27,0,0,0,0,21912,1.0,,,,,,,,,
41503,,,"Music, Slice of Life, Comedy",,,ONA,,,Unknown,Unknown,Unknown,Unknown,Manga,Unknown,Unknown,,13818,277,0,0,0,0,0,277,,,,,,,,,,
41514,,,"Action, Sci-Fi, Adventure, Comedy, Fantasy",,,TV,,,Unknown,Unknown,Unknown,Unknown,Light novel,23 min.,PG-13 - Teens 13 or older,,2296,48936,118,0,0,1,0,48935,,,,,,,,,,
41521,,5.33,"Game, Psychological",,,TV,,,Winter 2021,Unknown,Unknown,J.C.Staff,Card game,23 min.,Unknown,10086.0,6030,6023,18,2424,2,118,656,2823,59.0,19.0,53.0,101.0,184.0,176.0,127.0,73.0,67.0,39.0
41522,,,"Sci-Fi, Slice of Life, Comedy, Kids, School",,,TV,,,Spring 2020,Unknown,Unknown,Unknown,Picture book,10 min.,G - All Ages,12826.0,17292,61,1,10,0,3,25,23,,,,,1.0,,,1.0,,5.0
41529,,,"Action, Adventure, Comedy, Shounen",,,TV,,,Spring 2020,Unknown,Unknown,"Brain's Base, Shogakukan Music & Digital Entertainment",Original,24 min.,G - All Ages,13892.0,12367,461,1,81,1,21,108,250,10.0,,,1.0,5.0,5.0,4.0,2.0,5.0,11.0
41530,,,"Psychological, Drama, Magic, Thriller",,,TV,,,Unknown,Unknown,Unknown,Unknown,Game,Unknown,PG-13 - Teens 13 or older,,3822,18262,333,0,0,0,0,18262,,,,,,,,,,
41546,,,"Action, Comedy, Kids, Fantasy",,,ONA,,,Unknown,Unknown,Unknown,Unknown,Game,1 min.,G - All Ages,11196.0,17330,60,0,14,0,3,19,24,,,,,1.0,,,1.0,,5.0
41567,,,"Comedy, Parody, Fantasy",,,TV,,,Unknown,Kadokawa,Unknown,Unknown,Original,Unknown,PG-13 - Teens 13 or older,,2490,42114,35,1,1,0,0,42112,,,,,,,,,,
41587,,,"Action, Comedy, Super Power, School, Shounen",,,TV,,,Spring 2021,Unknown,Unknown,Bones,Manga,Unknown,PG-13 - Teens 13 or older,,627,231671,2767,13,6,11,2,231639,10.0,3.0,5.0,2.0,,,,,,1.0
41589,,,"Sci-Fi, Comedy, Magic, Romance, Fantasy, Shoujo",,,Unknown,,,Unknown,Unknown,Unknown,"Yumeta Company, Graphinica",Manga,Unknown,Unknown,,5798,6719,29,0,0,0,0,6719,,,,,,,,,,
41595,,,"Action, Comedy, Mystery, Super Power",,,TV,,,Unknown,Unknown,Unknown,Bandai Namco Pictures,Original,Unknown,PG-13 - Teens 13 or older,,6258,5511,8,0,0,0,0,5511,,,,,,,,,,
41623,,,"Harem, Comedy, Magic, Ecchi, Fantasy",,,TV,,,Spring 2021,Unknown,Unknown,"Tezuka Productions, Okuruto Noboru",Light novel,Unknown,PG-13 - Teens 13 or older,,1591,85667,627,4,2,9,1,85651,11.0,3.0,2.0,1.0,,,1.0,,,
41710,,,"Action, Military, Harem, Magic, Romance, Fantasy",,,TV,,,Summer 2021,Unknown,Unknown,J.C.Staff,Light novel,Unknown,Unknown,,4195,15032,95,6,0,0,0,15026,,,,,,,,,,
41793,,6.05,Hentai,,,OVA,,,Unknown,Unknown,Unknown,Unknown,Visual novel,17 min.,Rx - Hentai,,9609,1472,3,802,5,278,125,262,49.0,31.0,68.0,104.0,123.0,88.0,39.0,25.0,22.0,32.0
41812,,,"Harem, Comedy, Romance, Ecchi, Shounen",,,TV,,,Unknown,Unknown,Unknown,Asread,Manga,Unknown,Unknown,,7749,3163,13,0,0,0,0,3163,,,,,,,,,,
41813,,,"Comedy, Kids",,,TV,,,Fall 2020,"Tsuburaya Productions, NHK Enterprises",Unknown,Usagi Ou,Picture book,5 min.,G - All Ages,14806.0,17127,75,0,10,0,4,29,32,,,,,3.0,1.0,1.0,,1.0,3.0
41833,,,"Comedy, Supernatural, Vampire, Shounen",,,TV,,,Unknown,Unknown,Unknown,Madhouse,Manga,Unknown,Unknown,,10548,984,2,0,0,0,0,984,,,,,,,,,,
41848,,7.59,"Fantasy, Harem, Hentai",,,OVA,,,Unknown,Majin,Unknown,Unknown,Manga,16 min.,Rx - Hentai,,5337,8144,106,4479,18,1160,377,2110,608.0,474.0,751.0,727.0,364.0,163.0,65.0,32.0,19.0,28.0
41851,,,"Comedy, Horror",,,ONA,,,Unknown,Unknown,Unknown,Unknown,Original,44 sec.,PG - Children,12476.0,14230,245,0,86,1,62,43,53,,1.0,,5.0,14.0,9.0,13.0,9.0,10.0,16.0
41884,,6.85,"Action, Romance, Fantasy",,,ONA,,,Unknown,Unknown,Unknown,Soyep,Novel,11 min.,PG-13 - Teens 13 or older,4253.0,10748,887,4,438,0,26,44,379,31.0,16.0,39.0,24.0,22.0,5.0,2.0,2.0,2.0,5.0
41912,,,"Action, Slice of Life",,,ONA,,,Unknown,Unknown,Unknown,Ai Si Animation Studio,Original,Unknown,PG-13 - Teens 13 or older,,16838,98,0,0,0,0,0,98,,,,,,,,,,
41915,,,"Action, Adventure, Harem, Drama, Fantasy",,,ONA,,,Unknown,Unknown,Unknown,ASK Animation Studio,Web manga,Unknown,Unknown,,7859,2992,20,0,0,0,0,2992,,,,,,,,,,
41918,,,"Action, Fantasy",,,ONA,,,Unknown,Unknown,Unknown,Wulifang Digital,Original,Unknown,Unknown,,15538,166,1,0,0,0,0,166,,,,,,,,,,
41919,,,"Mystery, Drama",,,ONA,,,Unknown,Unknown,Unknown,Unknown,Novel,Unknown,Unknown,,7823,3036,7,0,0,0,0,3036,,,,,,,,,,
41946,,,"Sci-Fi, Harem, Ecchi, Shounen",,,TV,,,Unknown,Unknown,Unknown,"Studio Gokumi, AXsiZ",Manga,Unknown,Unknown,,4536,12283,43,2,0,0,0,12281,,,1.0,,,,,,,
42004,,,"Comedy, Supernatural, Romance",,,ONA,,,Unknown,Unknown,Unknown,Studio Shelter,Web manga,8 min.,PG-13 - Teens 13 or older,12335.0,15722,156,0,26,0,9,13,108,1.0,2.0,2.0,4.0,1.0,,,,,3.0
42048,,6.93,"Hentai, School",,,OVA,,,Unknown,Pink Pineapple,Unknown,Unknown,Manga,30 min.,Rx - Hentai,,7241,3807,37,1862,5,533,209,1198,149.0,152.0,270.0,285.0,245.0,129.0,52.0,27.0,11.0,25.0
42061,,,Comedy,,,ONA,,,Unknown,Unknown,Unknown,Unknown,Original,7 sec.,G - All Ages,14597.0,17157,73,0,14,0,12,21,26,3.0,,,2.0,1.0,1.0,3.0,,1.0,6.0
42068,,,"Music, Slice of Life",,,TV,,,Unknown,Unknown,Unknown,Unknown,Other,Unknown,G - All Ages,,16940,89,0,0,0,0,0,89,,,,,,,,,,
42071,,,"Slice of Life, Comedy, Drama, Magic, Fantasy",,,TV,,,Spring 2021,Unknown,Unknown,"W-Toon Studio, DMM.futureworks",Game,Unknown,Unknown,,8472,2365,2,0,0,0,0,2365,,,,,,,,,,
42072,,,"Adventure, Fantasy",,,TV,,,Unknown,Unknown,Unknown,Unknown,Light novel,Unknown,Unknown,,7466,3524,19,0,0,0,0,3524,,,,,,,,,,
42109,,,"Comedy, Slice of Life",,,Special,,,Unknown,Unknown,Unknown,Unknown,Original,15 sec.,G - All Ages,14769.0,17441,50,1,11,0,12,11,16,,,,,,3.0,2.0,2.0,2.0,5.0
42141,,5.89,Hentai,,,OVA,,,Unknown,Unknown,Unknown,Unknown,Original,30 min.,Rx - Hentai,,8844,2010,14,1023,3,297,142,545,46.0,30.0,68.0,111.0,154.0,118.0,73.0,36.0,22.0,25.0
42163,,,"Action, Game, Fantasy",,,ONA,,,Unknown,Unknown,Unknown,Unknown,Game,30 sec.,PG-13 - Teens 13 or older,13362.0,14376,236,4,64,0,31,10,131,7.0,3.0,5.0,6.0,4.0,4.0,1.0,1.0,,1.0
42178,,,"Sci-Fi, Mystery, Fantasy",,,ONA,,,Unknown,Unknown,Unknown,2:10 AM Animation,Original,Unknown,Unknown,,12886,374,0,0,0,0,0,374,,,,,,,,,,
42179,,,"Comedy, Kids, Slice of Life",,,TV,,,Summer 2020,Unknown,Unknown,Unknown,Other,Unknown,G - All Ages,15285.0,16906,92,0,12,0,6,26,48,,,1.0,,2.0,,,,1.0,5.0
42192,,,"Action, Sci-Fi, Adventure, Comedy, Fantasy, Shounen",,,TV,,,Spring 2021,Unknown,Unknown,J.C.Staff,Manga,Unknown,PG-13 - Teens 13 or older,,3204,26239,320,3,0,1,2,26233,,1.0,,,1.0,,,,,2.0
42205,,,"Action, Adventure, Comedy, Super Power, Supernatural, Shounen",,,TV,,,Spring 2021,King Records,Unknown,Bridge,Manga,Unknown,PG-13 - Teens 13 or older,,2392,45941,241,4,0,3,0,45934,1.0,2.0,,,,,,,,
42223,,5.75,"Hentai, Fantasy",,,OVA,,,Unknown,Unknown,Unknown,Unknown,Visual novel,30 min.,Rx - Hentai,,9068,1855,6,933,2,282,141,497,45.0,30.0,61.0,91.0,148.0,100.0,82.0,42.0,27.0,31.0
42224,,6.39,Hentai,,,OVA,,,Unknown,Unknown,Unknown,Unknown,Manga,19 min.,Rx - Hentai,,8093,2704,12,1489,6,422,176,611,110.0,54.0,149.0,193.0,213.0,141.0,81.0,38.0,22.0,22.0
42249,,,"Action, Drama, School, Shounen",,,TV,,,Spring 2021,Unknown,Unknown,LIDENFILMS,Manga,Unknown,Unknown,,3494,22069,167,3,0,3,0,22063,2.0,,1.0,,,,,,,
42282,,,"Comedy, Drama, Romance, Fantasy, School",,,TV,,,Summer 2021,Unknown,Unknown,Unknown,Light novel,Unknown,PG-13 - Teens 13 or older,,2393,45612,91,1,0,1,0,45610,,,1.0,,,,,,,
42293,,,"Action, Sci-Fi",,,ONA,,,Unknown,Unknown,Unknown,Unknown,Game,Unknown,PG-13 - Teens 13 or older,,16568,113,0,0,0,0,0,113,,,,,,,,,,
42295,,,"Mystery, Kids",,,TV,,,Fall 2020,Unknown,Unknown,Toei Animation,Novel,10 min.,Unknown,14020.0,11248,725,1,188,0,62,77,398,1.0,6.0,7.0,20.0,24.0,12.0,5.0,3.0,7.0,1.0
42307,,,"Action, Adventure",,,TV,,,Spring 2021,Unknown,Unknown,"Shin-Ei Animation, domerica",Game,Unknown,Unknown,,4460,12780,51,1,0,0,0,12779,1.0,,,,,,,,,
42321,,,"Action, Sci-Fi, Adventure, Comedy, Sports, School",,,TV,,,Spring 2021,Unknown,Unknown,Seven,Original,Unknown,Unknown,,10282,1094,4,0,0,0,0,1094,,,,,,,,,,
42340,,,"Comedy, Fantasy",,,TV,,,Summer 2021,Unknown,Unknown,SILVER LINK.,Manga,Unknown,Unknown,,7491,3569,7,2,0,0,0,3567,,,,,,,,,,
42346,,,Comedy,,,ONA,,,Unknown,Unknown,Unknown,Unknown,Original,3 min.,PG - Children,14257.0,17305,61,0,12,0,11,12,26,,,,,2.0,,1.0,4.0,,3.0
42351,,,"Comedy, Romance",,,TV,,,Unknown,Unknown,Unknown,Doga Kobo,Manga,Unknown,Unknown,,6413,5210,11,1,0,0,0,5209,,,,,,,,,,
42361,,,"Slice of Life, Comedy, Romance",,,TV,,,Spring 2021,King Records,Unknown,Telecom Animation Film,Manga,Unknown,Unknown,,1784,73950,756,9,2,7,1,73931,1.0,2.0,1.0,2.0,1.0,,,,,
42364,,7.12,"Adventure, Comedy, Parody, Fantasy",,,Special,,,Unknown,Unknown,Unknown,Studio PuYUKAI,Light novel,3 min.,PG-13 - Teens 13 or older,3131.0,4081,15835,94,6924,8,767,478,7658,420.0,398.0,693.0,1199.0,795.0,313.0,77.0,26.0,26.0,26.0
42383,,,Hentai,,,OVA,,,Unknown,Unknown,Unknown,Unknown,Visual novel,30 min.,Rx - Hentai,,13704,286,1,0,0,0,0,286,1.0,,,,,,,,,
42385,,,Music,,,TV,,,Unknown,Unknown,Unknown,Shirogumi,Game,Unknown,PG-13 - Teens 13 or older,,8525,2307,6,0,0,0,0,2307,,,,,,,,,,
42395,,,Sports,,,TV,,,Spring 2021,TV Tokyo,Unknown,TMS Entertainment,Web manga,Unknown,Unknown,,4573,11971,135,0,0,0,0,11971,1.0,,,,,,,,,
42429,,,"Slice of Life, Fantasy",,,TV,,,Unknown,Unknown,Unknown,Unknown,Light novel,Unknown,PG-13 - Teens 13 or older,,3478,22341,46,0,0,0,0,22341,,,1.0,,,,,,,
42482,,,"Parody, Magic",,,TV,,,Fall 2020,Lantis,Unknown,Pie in the sky,Original,Unknown,G - All Ages,11880.0,11707,600,0,81,1,15,76,427,3.0,2.0,,3.0,1.0,3.0,2.0,1.0,1.0,4.0
42498,,8.24,"Action, Adventure, Historical, Romance, Martial Arts, Fantasy",,,ONA,,,Unknown,Unknown,Unknown,Sparkly Key Animation Studio,Novel,20 min.,PG-13 - Teens 13 or older,268.0,7052,4056,76,2515,2,117,125,1297,427.0,304.0,278.0,107.0,42.0,15.0,10.0,10.0,8.0,48.0
42514,,6.48,"Comedy, Kids",,,TV,,,Fall 2020,Jinnan Studio,Unknown,"Shin-Ei Animation, Lesprit",Other,1 min.,G - All Ages,5973.0,8802,2041,18,1288,1,113,252,387,166.0,28.0,41.0,101.0,135.0,102.0,40.0,31.0,22.0,27.0
42522,,,Action,,,ONA,,,Unknown,Unknown,Unknown,Bandai Namco Pictures,Original,23 min.,Unknown,11795.0,14904,201,0,49,0,8,31,113,,,1.0,,7.0,5.0,3.0,1.0,2.0,1.0
42550,,,"Action, Music, Sci-Fi",,,ONA,,,Unknown,Unknown,Unknown,Xanthus Media,Original,Unknown,Unknown,14535.0,16149,132,0,16,0,5,19,92,2.0,,,1.0,,,,,,2.0
42568,,,Slice of Life,,,TV,,,Spring 2021,Unknown,Unknown,Nippon Animation,Manga,Unknown,Unknown,,8405,2468,4,1,0,0,0,2467,,,,,,,,,,
42587,,,"Slice of Life, Drama, Magic, Fantasy",,,TV,,,Unknown,Unknown,Unknown,Studio Gokumi,Original,Unknown,PG-13 - Teens 13 or older,,7212,3860,6,1,0,0,0,3859,,,,,,,,,,
42590,,,"Music, Drama, School",,,TV,,,Spring 2021,Unknown,Unknown,Shin-Ei Animation,Manga,Unknown,Unknown,,5580,7299,28,2,0,0,0,7297,1.0,,,,,,,,,
42625,,,"Action, Adventure, Demons, Fantasy, Seinen",,,TV,,,Summer 2021,Fuji TV,Unknown,MAPPA,Manga,Unknown,Unknown,,4704,11381,101,1,0,0,0,11380,,,,,,1.0,,,,
42627,,,"Fantasy, Shounen",,,TV,,,Summer 2021,Kodansha,Unknown,Asahi Production,Manga,Unknown,Unknown,,5989,6172,18,1,0,0,0,6171,,,,,,,,,,
42653,,6.35,"Kids, Music",,,TV,,,Winter 2021,Unknown,Unknown,Bandai Namco Pictures,Game,10 min.,PG - Children,6634.0,10422,1032,13,558,0,28,52,394,30.0,11.0,22.0,35.0,36.0,15.0,9.0,3.0,5.0,7.0
42658,,,"Action, Martial Arts",,,ONA,,,Unknown,Unknown,Unknown,"Studio Hibari, domerica",Game,10 min.,G - All Ages,11189.0,15801,149,0,55,0,17,34,43,1.0,,3.0,4.0,7.0,3.0,1.0,1.0,3.0,3.0
42670,,,"Action, Adventure, Comedy, Fantasy",,,TV,,,Unknown,Unknown,Unknown,CygamesPictures,Game,Unknown,PG-13 - Teens 13 or older,,3343,24238,55,0,0,1,0,24237,1.0,,,,,,,,,
42745,,,"Slice of Life, Comedy, Magic",,,TV,,,Unknown,Unknown,Unknown,Unknown,4-koma manga,Unknown,PG-13 - Teens 13 or older,,4161,15266,31,0,0,1,0,15265,,,,,,,,,,
42757,,5.65,Hentai,,,OVA,,,Unknown,PoRO,Unknown,Unknown,Visual novel,30 min.,Rx - Hentai,,8940,1943,11,805,7,225,121,785,27.0,20.0,48.0,88.0,120.0,97.0,64.0,31.0,26.0,27.0
42774,,,"Sports, Drama, Shounen",,,TV,,,Spring 2021,Unknown,Unknown,LIDENFILMS,Manga,Unknown,Unknown,,6079,5914,11,0,0,0,0,5914,,,,,,,,,,
42804,,,Slice of Life,,,ONA,,,Unknown,"Happinet, Bit grooove promotion",Unknown,TANOsim,Original,Unknown,Unknown,11358.0,13605,293,3,35,0,10,23,225,1.0,,,,1.0,1.0,1.0,,2.0,4.0
42805,,,"Action, Super Power, Psychological, Drama",,,OVA,,2021.0,Unknown,Unknown,Unknown,IMAGICA Lab.,Web manga,7 min.,Unknown,,16258,128,0,0,0,0,0,128,,,,,,,,,,
42826,,,"Romance, Fantasy",,,TV,,,Spring 2021,"Lantis, Kadokawa, Bit grooove promotion",Unknown,Diomedéa,Light novel,Unknown,Unknown,,7522,3618,14,2,0,0,0,3616,1.0,,,,,,,,,
42870,,,Space,,,TV,,,Spring 2021,Unknown,Unknown,Fanworks,Web manga,Unknown,Unknown,,15580,164,0,0,0,0,0,164,,,,,,,,,,
42875,,,"Comedy, Fantasy",,,ONA,,,Unknown,Unknown,Unknown,Super Normal Studio,Original,5 min.,PG - Children,13691.0,16655,109,0,20,0,13,10,66,,,,1.0,1.0,1.0,1.0,,1.0,2.0
42876,,,"Comedy, Fantasy",,,ONA,,,Unknown,Unknown,Unknown,Super Normal Studio,Original,1 min.,PG - Children,13692.0,16706,106,0,24,0,13,8,61,,,,1.0,1.0,1.0,2.0,,2.0,2.0
42892,,,"Action, Historical, Supernatural, Drama, Shoujo",,,TV,,,Unknown,Unknown,Unknown,Unknown,Manga,Unknown,Unknown,,8537,2306,11,0,0,0,0,2306,,,,,,,,,,
42938,,,"Slice of Life, Comedy, Supernatural, Drama, Romance, Shoujo",,,TV,,,Spring 2021,Unknown,Unknown,Unknown,Manga,Unknown,PG-13 - Teens 13 or older,,2242,51708,328,4,0,2,0,51702,1.0,1.0,1.0,,,,,,,
42940,,,"Action, Martial Arts, Shounen",,,ONA,,2021.0,Unknown,Netflix,Unknown,Unknown,Manga,Unknown,R - 17+ (violence & profanity),,4857,10307,17,0,0,0,0,10307,,,,,,,,,,
42959,,6.28,"Slice of Life, Comedy, School, Shounen",,,TV,,,Winter 2021,Unknown,Unknown,"Creators in Pack, LEVELS",4-koma manga,3 min.,PG-13 - Teens 13 or older,7004.0,5602,7229,20,3539,1,109,146,3434,47.0,28.0,74.0,225.0,282.0,142.0,40.0,17.0,10.0,11.0
42962,,,"Slice of Life, Comedy, Romance, Ecchi",,,TV,,,Unknown,Unknown,Unknown,Unknown,Manga,Unknown,PG-13 - Teens 13 or older,,2458,43219,91,1,0,0,0,43218,2.0,1.0,,,,,,,,
42963,,,"Comedy, Romance, School, Shounen",,,TV,,,Unknown,Unknown,Unknown,Unknown,Manga,Unknown,PG-13 - Teens 13 or older,,1534,90814,1020,2,1,7,1,90803,5.0,2.0,1.0,2.0,,,,,,
42976,,,"Action, Sci-Fi, Horror",,,ONA,,2021.0,Unknown,"Capcom, Netflix",Unknown,Unknown,Game,Unknown,Unknown,,10061,1211,3,0,0,0,0,1211,,,,,,,,,,
42981,,4.78,Music,,,TV,,,Winter 2021,"81 Produce, RAY, Stray Cats, BS Asahi",Unknown,Shin-Ei Animation,Original,8 min.,Unknown,10783.0,8083,2699,5,1304,0,52,544,799,35.0,7.0,18.0,52.0,81.0,116.0,111.0,90.0,56.0,65.0
42994,,,"Comedy, Supernatural",,,Unknown,,,Unknown,Unknown,Unknown,Unknown,Web manga,Unknown,PG-13 - Teens 13 or older,,6493,5017,3,0,0,0,0,5017,,,,,,,,,,
42998,,,"Comedy, Kids, Supernatural",,,TV,,,Fall 2020,Unknown,Unknown,Unknown,Original,5 min.,G - All Ages,13378.0,17039,82,0,15,0,2,33,32,,,,,1.0,,,1.0,1.0,1.0
43007,,,"Harem, Comedy, Romance, School",,,TV,,,Spring 2021,Unknown,Unknown,Doga Kobo,Light novel,Unknown,Unknown,,3641,22176,341,5,0,6,0,22165,6.0,2.0,1.0,,,,,,,1.0
43416,,,Comedy,,,TV,,,Fall 2020,CHANCE iN,Unknown,Kachidoki Studio,Original,1 min.,Unknown,14891.0,14897,201,0,30,1,7,53,110,6.0,,,,2.0,,4.0,1.0,2.0,5.0
43439,,,"Slice of Life, Supernatural, Seinen",,,TV,,,Spring 2021,Aniplex,Unknown,CloverWorks,Manga,Unknown,Unknown,,5425,8059,28,1,0,0,0,8058,1.0,,,,,,,,,
43470,,,"Comedy, Romance",,,TV,,,Unknown,Unknown,Unknown,Unknown,Web manga,Unknown,PG-13 - Teens 13 or older,,3422,23112,27,0,1,1,0,23110,1.0,,,,,,,,,
43523,,,"Adventure, Fantasy",,,TV,,,Unknown,Unknown,Unknown,C2C,Light novel,Unknown,Unknown,,5443,7803,693,1,0,0,0,7802,1.0,,,,,,,,,
43591,,,"Comedy, Historical, Parody",,,ONA,,,Unknown,"DAX Production, Shueisha",Unknown,Studio Deen,Manga,Unknown,PG-13 - Teens 13 or older,,5881,6461,32,0,0,1,0,6460,,,,,,,,,,
43600,,,"Historical, Demons, Supernatural, Drama",,,ONA,,,Unknown,Unknown,Unknown,Unknown,Novel,Unknown,R - 17+ (violence & profanity),,9257,1724,9,0,0,0,0,1724,,,,,,,,,,
43608,,,"Comedy, Psychological, Romance, School, Seinen",,,TV,,,Unknown,"Aniplex, Shueisha",Unknown,Unknown,Manga,Unknown,PG-13 - Teens 13 or older,,1302,111055,733,2,0,9,1,111043,3.0,1.0,1.0,,1.0,,,,,
43609,,,"Comedy, Psychological, Romance, School, Seinen",,,OVA,,,Unknown,"Aniplex, Shueisha",Unknown,Unknown,Manga,Unknown,PG-13 - Teens 13 or older,,2239,51254,84,0,0,0,0,51254,,,,,,,,,,
43629,,,"Supernatural, Drama, Fantasy, Shoujo, Shounen Ai",,,TV,,,Unknown,King Records,Unknown,GoHands,Manga,Unknown,Unknown,,6438,5135,5,1,0,1,0,5133,,,,,,,,,,
43691,,,"Drama, School, Seinen",,,TV,,,Unknown,"Hakusensha, King Records",Unknown,Pine Jam,Manga,Unknown,Unknown,,9733,1481,0,0,0,0,0,1481,,,,,,,,,,
43692,,,"Slice of Life, Comedy, Romance",,,ONA,,2021.0,Unknown,Netflix,Unknown,J.C.Staff,Manga,Unknown,Unknown,,3838,18310,51,1,0,0,0,18309,2.0,,,,,,,,,
43693,,,"Slice of Life, Comedy, Historical, Seinen",,,ONA,,2021.0,Unknown,Unknown,Unknown,NAZ,Manga,Unknown,Unknown,,9950,1278,1,0,0,0,0,1278,,,,,,,,,,
43694,,,Kids,,,ONA,,,Unknown,"San-X, Netflix",Unknown,"dwarf, TYO",Other,Unknown,PG - Children,,10781,878,2,0,0,0,0,878,,,,,,,,,,
43735,,,Music,,,TV,,,Unknown,Liber Entertainment,Unknown,"Yumeta Company, Graphinica",Game,Unknown,Unknown,,12850,378,2,0,0,0,0,378,,,,,,,,,,
43741,,,"Action, Sci-Fi, Mecha, Shounen",,,Unknown,,,Unknown,Bandai Namco Arts,Unknown,Bee Media,Manga,Unknown,Unknown,,12472,443,2,0,0,0,0,443,,,,,,,,,,
43756,,,Sports,,,TV,,,Spring 2021,Fuji TV,Unknown,Zexcs,Original,Unknown,Unknown,,6189,5626,39,0,0,0,0,5626,,,,,,,,,,
43760,,,Fantasy,,,Unknown,,,Unknown,WOWOW,Unknown,Signal.MD,Novel,Unknown,Unknown,,11526,644,0,0,0,0,0,644,,,,,,,,,,
43763,,,"Action, Historical, Drama, Seinen",,,TV,,,Spring 2021,"Hakusensha, Fuji TV",Unknown,Bandai Namco Pictures,Manga,Unknown,Unknown,,8336,2513,10,1,0,1,0,2511,,,,,,,,,,
43767,,,"Sci-Fi, Mystery, Psychological, Supernatural, Drama",,,TV,,,Summer 2021,"Fuji TV, Slow Curve",Unknown,Shirogumi,Other,Unknown,Unknown,,7688,3253,9,0,0,0,0,3253,,,,,,,,,,
43771,,,Music,,,TV,,,Unknown,Unknown,Unknown,Unknown,Music,Unknown,Unknown,,13301,326,1,0,0,0,0,326,,,,,,,,,,
43778,,,"Adventure, Comedy, Kids",,,TV,,,Spring 2021,Unknown,Unknown,Ajia-Do,Book,24 min.,PG - Children,,16127,134,0,0,0,0,0,134,,,,,,,,,,
43791,,6.61,Hentai,,,ONA,,,Unknown,BOMB! CUTE! BOMB!,Unknown,Unknown,Original,15 min.,Rx - Hentai,,9914,1299,7,722,2,239,80,256,52.0,40.0,77.0,107.0,89.0,37.0,15.0,12.0,11.0,11.0
43793,,6.58,"Hentai, Fantasy",,,OVA,,,Unknown,Unknown,Unknown,Majin,Visual novel,15 min.,Rx - Hentai,,8760,2082,14,1093,3,339,113,534,69.0,64.0,97.0,182.0,149.0,81.0,43.0,21.0,8.0,10.0
43814,,,"Action, Super Power, Supernatural",,,TV,,,Unknown,Unknown,Unknown,Unknown,Web manga,Unknown,Unknown,,8720,2132,9,1,0,0,0,2131,,,,,,,,,,
43969,,,"Slice of Life, Comedy, Romance, School, Shounen",,,TV,,,Unknown,Unknown,Unknown,Unknown,Manga,Unknown,Unknown,,5861,6573,33,0,0,1,1,6571,1.0,,,,,,,,,
44037,,,"Adventure, Slice of Life, Fantasy",,,TV,,,Unknown,Unknown,Unknown,"Studio Flad, Wolfsbane",Light novel,Unknown,Unknown,,7511,3502,16,0,0,0,0,3502,,,,,,,,,,
44040,,5.32,Comedy,,,TV,,,Winter 2021,Unknown,Unknown,Fanworks,Other,2 min.,Unknown,10102.0,9713,1413,2,832,2,40,269,270,22.0,7.0,8.0,50.0,71.0,73.0,47.0,23.0,32.0,19.0
44041,,,Unknown,,,TV,,,Spring 2021,Unknown,Unknown,Unknown,Original,Unknown,PG - Children,,14479,229,0,0,0,0,0,229,,,,,,,,,,
44042,,8.58,Comedy,,,ONA,,,Unknown,Cover Corp,Unknown,Unknown,Other,1 min.,PG-13 - Teens 13 or older,77.0,3815,18293,1070,9731,5,590,554,7413,4243.0,838.0,837.0,467.0,204.0,148.0,49.0,43.0,61.0,478.0
44048,,,Kids,,,ONA,,,Unknown,Unknown,Unknown,GEEK TOYS,Original,Unknown,G - All Ages,13132.0,17187,70,1,12,0,2,16,40,1.0,,,,1.0,,,,1.0,1.0
44055,,,"Slice of Life, School, Shounen Ai",,,Unknown,,,Unknown,Unknown,Unknown,Unknown,Manga,Unknown,Unknown,,7456,3560,22,0,0,0,0,3560,,,,,,,,,,
44056,,,Slice of Life,,,TV,,,Fall 2020,Unknown,Unknown,Jumonji,Original,Unknown,Unknown,12560.0,8967,1918,3,192,1,43,49,1633,3.0,1.0,2.0,1.0,2.0,4.0,3.0,,1.0,2.0
44064,,,"Action, Supernatural, Drama",,,ONA,,,Unknown,Unknown,Unknown,Shenying Animation,Novel,Unknown,PG-13 - Teens 13 or older,,12718,405,2,0,0,0,0,405,,,,,,,,,,
44065,,,"Action, Historical, Fantasy",,,ONA,,,Unknown,Unknown,Unknown,Shanghai Foch Film Culture Investment,Novel,Unknown,PG-13 - Teens 13 or older,,14518,228,1,0,0,0,0,228,,,,,,,,,,
44067,,,"Adventure, Mystery, Historical, Supernatural, Fantasy",,,ONA,,,Unknown,Unknown,Unknown,Haoliners Animation League,Novel,Unknown,PG-13 - Teens 13 or older,,12324,473,1,0,0,0,0,473,,,,,,,,,,
44068,,,"Action, Adventure, Historical, Supernatural, Fantasy",,,ONA,,,Unknown,Unknown,Unknown,Sparkly Key Animation Studio,Novel,Unknown,PG-13 - Teens 13 or older,,12207,490,3,0,0,0,0,490,,,,,,,,,,
44069,,,"Adventure, Slice of Life, Comedy, Demons, Fantasy, School",,,ONA,,,Unknown,Unknown,Unknown,Haoliners Animation League,Novel,Unknown,PG-13 - Teens 13 or older,,5265,8504,68,0,0,1,0,8503,1.0,,,,,,,,,
44071,,,"Action, Adventure, Fantasy",,,ONA,,,Unknown,Unknown,Unknown,CG Year,Novel,Unknown,PG-13 - Teens 13 or older,,12768,389,2,0,0,0,0,389,,,,,,,,,,
44072,,,"Slice of Life, School",,,ONA,,,Unknown,Unknown,Unknown,Paper Animation,Manga,Unknown,PG-13 - Teens 13 or older,,15446,171,0,0,0,0,0,171,,,,,,,,,,
44073,,,"Comedy, Fantasy",,,ONA,,,Unknown,Unknown,Unknown,Mili Pictures,Novel,Unknown,Unknown,,17100,79,0,0,0,0,0,79,,,,,,,,,,
44074,,,Fantasy,,,ONA,,,Unknown,Unknown,Unknown,Haoliners Animation League,Original,Unknown,Unknown,,11978,545,6,0,0,0,0,545,,,,,,,,,,
44076,,,"Action, Fantasy",,,ONA,,,Unknown,Unknown,Unknown,Original Dream,Original,Unknown,Unknown,,16259,128,1,0,0,0,0,128,,,,,,,,,,
44079,,,"Action, Adventure, Comedy, Historical, Martial Arts",,,ONA,,,Unknown,bilibili,Unknown,Shenying Animation,Game,Unknown,Unknown,,15891,146,0,0,0,0,0,146,,,,,,,,,,
44081,,,"Music, Shoujo",,,TV,,,Unknown,Unknown,Unknown,Unknown,Music,Unknown,PG-13 - Teens 13 or older,,9610,1502,5,0,0,0,0,1502,1.0,,,,,,,,,
44141,,,"Slice of Life, Comedy, Shoujo Ai",,,Unknown,,,Unknown,Unknown,Unknown,Unknown,4-koma manga,Unknown,PG-13 - Teens 13 or older,,6456,5093,11,0,0,0,0,5093,,,,,,,,,,
44191,,,"Action, Magic, Fantasy, Shoujo",,,TV,,,Winter 2021,Unknown,Unknown,Toei Animation,Original,Unknown,G - All Ages,,9477,1555,10,2,1,0,0,1552,,,,,,,,,,
44194,,6.18,Hentai,,,OVA,,,Unknown,Unknown,Unknown,Unknown,Original,Unknown,Rx - Hentai,,10039,1226,3,520,5,174,66,461,22.0,17.0,36.0,80.0,79.0,48.0,18.0,11.0,10.0,6.0
44203,,,"Action, Adventure, Harem, Drama, Romance, Fantasy",,,TV,,,Unknown,"Nippon Columbia, Kanon Sound, TMS Music",Unknown,TMS Entertainment,Light novel,Unknown,Unknown,,6488,5074,55,1,0,0,0,5073,1.0,,,,,,,,,
44204,,,"Mystery, Demons, Supernatural, Romance, Shounen",,,TV,,,Unknown,Unknown,Unknown,Unknown,Manga,Unknown,R - 17+ (violence & profanity),,3012,29739,59,1,0,0,0,29738,1.0,,,,,,,,,
44208,,6.09,"Dementia, Horror, Supernatural",,,TV,,,Winter 2021,TV Tokyo,Unknown,ILCA,Original,4 min.,PG-13 - Teens 13 or older,7853.0,6210,5556,14,2511,3,103,119,2820,44.0,23.0,54.0,164.0,180.0,116.0,54.0,14.0,21.0,12.0
44233,,,"Action, Sci-Fi",,,ONA,,,Unknown,bilibili,Unknown,Unknown,Novel,Unknown,Unknown,,16644,110,0,0,0,0,0,110,,,,,,,,,,
44235,,8.33,Kids,,,TV,,,Winter 2021,Unknown,Unknown,Shin-Ei Animation,Other,2 min.,G - All Ages,206.0,7521,3418,73,2624,0,48,108,638,614.0,159.0,203.0,183.0,62.0,33.0,6.0,6.0,3.0,30.0
44274,,,Sports,,,TV,,,Fall 2021,CyberAgent,Unknown,C2C,Original,Unknown,Unknown,,10591,966,5,0,0,0,0,966,,,,,,,,,,
44275,,,Music,,,TV,,,Unknown,Unknown,Unknown,Doga Kobo,Original,Unknown,Unknown,,12373,463,2,0,0,0,0,463,,,,,,,,,,
44276,,,"Action, Game, Comedy, Fantasy",,,TV,,,Spring 2021,Unknown,Unknown,ENGI,Light novel,Unknown,Unknown,,5468,7863,82,3,0,0,0,7860,,,,,,,,,,
44304,,,"Action, Military, Sci-Fi, Super Power, Drama, Mecha",,,Unknown,,,Unknown,Unknown,Unknown,Sunrise,Original,Unknown,Unknown,,3748,19183,60,0,0,0,1,19182,,,,,,,,,,
44376,,,"Music, Slice of Life, Kids, Shoujo",,,ONA,,,Unknown,Unknown,Unknown,Unknown,Game,Unknown,PG - Children,,17559,68,3,0,0,0,0,68,,,,,,,,,,
44387,,,"Mystery, Supernatural, Drama",,,TV,,,Unknown,Unknown,Unknown,Unknown,Manga,Unknown,Unknown,,10961,819,3,0,0,0,0,819,,,,,,,,,,
44388,,,"Action, Historical",,,ONA,,,Unknown,Tencent Penguin Pictures,Unknown,Unknown,Manga,Unknown,Unknown,,14699,218,0,0,0,0,0,218,,,,,,,,,,
44390,,,"Supernatural, Drama, Romance",,,ONA,,,Unknown,Unknown,Unknown,Unknown,Manga,Unknown,Unknown,,12626,423,1,0,0,0,0,423,,,,,,,,,,
44406,,,"Action, Adventure, Fantasy",,,ONA,,,Unknown,Tencent Penguin Pictures,Unknown,BigFireBird Animation,Novel,Unknown,Unknown,,16590,112,0,0,0,0,0,112,,,,,,,,,,
44408,,,"Adventure, Fantasy",,,ONA,,,Unknown,Tencent Penguin Pictures,Unknown,Garden Culture,Novel,Unknown,Unknown,,16737,106,0,0,0,0,0,106,,,,,,,,,,
44411,,,"Adventure, Historical, Supernatural, Fantasy",,,ONA,,,Unknown,"Tencent Penguin Pictures, iQIYI",Unknown,Thundray,Manga,Unknown,Unknown,,15934,144,0,0,0,0,0,144,,,,,,,,,,
44412,,,"Action, Adventure, Demons, Supernatural, Romance, Martial Arts, Fantasy",,,ONA,,,Unknown,Tencent Penguin Pictures,Unknown,Unknown,Novel,Unknown,PG-13 - Teens 13 or older,,11232,734,14,0,0,0,0,734,,,,,,,,,,
44511,,,"Action, Adventure, Demons, Shounen",,,TV,,,Unknown,Unknown,Unknown,MAPPA,Manga,Unknown,Unknown,,2688,37134,505,4,1,3,0,37126,5.0,1.0,,,,,,,,1.0
44516,,,"Action, Romance, Josei",,,TV,,,Unknown,Unknown,Unknown,Unknown,Manga,Unknown,Unknown,,8422,2432,8,0,0,0,0,2432,,,,,1.0,,,,,
44524,,,"Action, Adventure, Harem, Romance, Fantasy",,,TV,,,Unknown,Unknown,Unknown,Unknown,Light novel,Unknown,Unknown,,7710,3219,34,1,0,0,0,3218,,,,,,,,,,
44583,,,Slice of Life,,,TV,,,Unknown,Unknown,Unknown,Unknown,Visual novel,Unknown,Unknown,,8777,2075,2,0,0,0,0,2075,,,,,,,,,,
44848,,,Kids,,,TV,,,Spring 2021,Unknown,Unknown,Shin-Ei Animation,Original,Unknown,Unknown,,17358,57,1,0,0,0,0,57,,,,,,,,,,
44881,,,"Action, Game, Drama, Fantasy, Shounen",,,TV,,,Summer 2021,Unknown,Unknown,Unknown,Manga,Unknown,Unknown,,3598,20934,37,1,0,0,0,20933,,,,,,,,,,
44940,,,"Action, Sci-Fi, Supernatural, School, Shounen",,,TV,,,Unknown,Unknown,Unknown,Unknown,Manga,Unknown,PG-13 - Teens 13 or older,,4714,11261,14,1,0,0,0,11260,,,,,,,,,,
44942,,,"Action, Super Power, Supernatural, Drama, Seinen",,,TV,,,Unknown,Warner Bros. Japan,Unknown,Graphinica,Manga,Unknown,Unknown,,4049,16291,129,4,0,0,1,16286,2.0,,2.0,,,,,,,
44961,,,"Psychological, Supernatural, Drama, Shounen",,,TV,,,Fall 2021,"Pony Canyon, Magic Capsule",Unknown,Signal.MD,Manga,Unknown,Unknown,,3945,17398,104,1,0,2,0,17395,2.0,,,,,,,,,
45055,,,"Slice of Life, Comedy, Historical, Romance, Shounen",,,TV,,,Fall 2021,Pony Canyon,Unknown,SynergySP,Manga,Unknown,Unknown,,8548,2302,12,0,0,0,0,2302,,,,,,,,,,
45425,,,Slice of Life,,,TV,,,Unknown,Unknown,Unknown,Unknown,Manga,Unknown,Unknown,,11329,711,3,0,0,0,0,711,,,,,,,,,,
45447,,,"Action, Mecha, Military, Sci-Fi",,,ONA,,,Unknown,Unknown,Unknown,Unknown,Original,Unknown,PG-13 - Teens 13 or older,15683.0,17159,71,0,15,0,2,14,40,2.0,,,2.0,1.0,,,,,1.0
45486,,,"Adventure, Comedy, Fantasy",,,TV,,,Unknown,Unknown,Unknown,Unknown,Light novel,Unknown,PG-13 - Teens 13 or older,,4522,12411,39,0,1,1,0,12409,,,,1.0,,,,,,
45489,,,"Slice of Life, Comedy",,,ONA,,,Unknown,Unknown,Unknown,Unknown,Other,Unknown,PG-13 - Teens 13 or older,,5156,8833,7,0,0,0,0,8833,,,,,,,,,,
45560,,,"Action, Fantasy, Shounen",,,TV,,,Unknown,Unknown,Unknown,Unknown,Manga,Unknown,Unknown,,8842,2049,5,0,0,0,0,2049,,,,,,,,,,
45572,,,"Sci-Fi, Magic, Fantasy",,,TV,,,Unknown,Aniplex,Unknown,Unknown,Manga,Unknown,Unknown,,3205,26379,101,1,0,1,1,26376,1.0,,,,,,,,,
45577,,,Music,,,TV,,,Unknown,Unknown,Unknown,TROYCA,Game,Unknown,PG-13 - Teens 13 or older,,8024,2799,21,0,0,0,0,2799,,,,,,,,,,
45613,,,"Slice of Life, Comedy, Romance",,,TV,,,Unknown,Unknown,Unknown,Unknown,Manga,Unknown,Unknown,,8086,2777,23,0,0,0,0,2777,,,,,,,,,,
45618,,,Slice of Life,,,TV,,,Spring 2021,Unknown,Unknown,Unknown,Original,Unknown,Unknown,,14610,231,1,0,0,0,0,231,,,,,,,,,,
45653,,,"Slice of Life, Comedy, Romance, School, Shounen",,,TV,,,Unknown,Unknown,Unknown,Unknown,Manga,Unknown,Unknown,,6331,5464,26,1,0,1,0,5462,,1.0,,1.0,,,,,,
45658,,,"Comedy, Fantasy",,,ONA,,,Unknown,Unknown,Unknown,Unknown,Light novel,1 min.,Unknown,13835.0,9495,1558,1,457,0,51,45,1005,17.0,3.0,10.0,16.0,18.0,20.0,5.0,2.0,4.0,3.0
45665,,,"Slice of Life, School",,,TV,,,Spring 2021,Pony Canyon,Unknown,Studio Comet,Original,Unknown,Unknown,,9762,1430,6,0,0,0,1,1429,,,,,,,,,,
45782,,6.51,"Music, Comedy",,,TV,,,Winter 2021,Unknown,Unknown,"W-Toon Studio, DMM.futureworks",Original,3 min.,PG-13 - Teens 13 or older,5857.0,9458,1575,8,908,1,18,22,626,39.0,11.0,23.0,59.0,41.0,32.0,4.0,2.0,3.0,
45783,,,"Action, Adventure, Comedy, Demons, Supernatural, Drama, Josei",,,TV,,,Unknown,Unknown,Unknown,LIDENFILMS,Manga,Unknown,Unknown,,9625,1484,9,0,0,0,0,1484,,,,,,,,,,
45961,,,"Action, Comedy, Magic, Fantasy",,,Unknown,,,Unknown,Unknown,Unknown,Unknown,Other,Unknown,Unknown,,9318,1669,6,0,0,0,0,1669,,,,,,,,,,
45999,,5.92,Comedy,,,ONA,,,Unknown,Unknown,Unknown,Unknown,Manga,1 min.,Unknown,8476.0,6290,5392,19,1053,1,178,109,4051,37.0,4.0,23.0,33.0,48.0,32.0,9.0,5.0,3.0,5.0
46003,,,Comedy,,,ONA,,,Unknown,Unknown,Unknown,Unknown,Novel,Unknown,Unknown,13196.0,11013,791,5,135,0,40,35,581,4.0,,1.0,4.0,7.0,6.0,7.0,1.0,3.0,4.0
46093,,,Slice of Life,,,TV,,,Summer 2021,Infinite,Unknown,P.A. Works,Original,Unknown,Unknown,,7673,3335,8,0,0,0,0,3335,1.0,,,,,,,,,
46095,,,Sci-Fi,,,TV,,,Spring 2021,Unknown,Unknown,Wit Studio,Original,Unknown,Unknown,,5899,6613,46,0,0,0,0,6613,,,,,,,,,,
46102,,,Mystery,,,TV,,,Spring 2021,"Pony Canyon, Pony Canyon Enterprise",Unknown,"OLM, P.I.C.S.",Original,Unknown,Unknown,,8047,2928,34,1,0,0,0,2927,,,,,,,,,,
46119,,,Slice of Life,,,ONA,,,Unknown,IMAGICA Lab.,Unknown,AQUA ARIS,Manga,1 min.,Unknown,15477.0,14514,225,2,44,0,12,12,157,,,,2.0,1.0,1.0,1.0,,1.0,
46352,,,"Drama, School, Seinen",,,TV,,,Unknown,Unknown,Unknown,Unknown,Manga,Unknown,Unknown,,7858,3099,21,1,0,0,0,3098,,,,,,,,,,
46381,,,"Action, Sci-Fi, Kids, Mecha",,,TV,,,Spring 2021,Unknown,Unknown,Unknown,Other,Unknown,PG - Children,,13665,288,1,0,0,0,0,288,,,,,,,,,,
46422,,,"Romance, Fantasy, Shoujo",,,TV,,,Unknown,Unknown,Unknown,Unknown,Manga,Unknown,Unknown,,10385,1072,9,0,0,0,0,1072,,,,,,,,,,
46471,,,"Mystery, Comedy, Drama, Romance",,,TV,,,Unknown,Kadokawa,Unknown,ENGI,Light novel,Unknown,Unknown,,6500,5133,61,0,0,2,0,5131,,,,,,,,,,
46488,,,"Game, Comedy, School, Seinen, Shoujo Ai",,,Unknown,,,Unknown,Unknown,Unknown,Unknown,Manga,Unknown,Unknown,,10739,905,2,0,0,0,0,905,,,,,,,,,,
46569,,,"Historical, Shounen",,,TV,,,Unknown,Unknown,Unknown,Unknown,Manga,Unknown,Unknown,,7912,3006,16,0,0,0,0,3006,,,,,,,,,,
46604,,,"Action, Military, Sci-Fi, Drama",,,TV,,,Unknown,Unknown,Unknown,Asahi Production,Game,Unknown,Unknown,,8900,1994,31,0,0,0,0,1994,,,,,,,,,,
46652,,,"Action, Adventure, Comedy, Shounen",,,TV,,,Spring 2021,Unknown,Unknown,"Brain's Base, Shogakukan Music & Digital Entertainment",Original,24 min.,Unknown,,15721,154,1,0,0,0,0,154,,,,,,,,,,
46654,,,Music,,,TV,,,Unknown,Unknown,Unknown,TROYCA,Game,Unknown,PG-13 - Teens 13 or older,,9440,1610,4,0,0,0,0,1610,,,,,,,,,,
46701,,,"Comedy, Romance, Ecchi",,,TV,,,Summer 2021,Suiseisha,Unknown,Unknown,Web manga,Unknown,R+ - Mild Nudity,,9744,1424,4,1,0,0,0,1423,,,,,,,,,,
46925,,,"Action, Fantasy, Sci-Fi",,,ONA,,,Unknown,Unknown,Unknown,Unknown,Unknown,Unknown,Unknown,,17522,21,0,0,0,0,0,21,,,,,,,,,,
46985,,,Fantasy,,,TV,,,Unknown,Unknown,Unknown,Unknown,Light novel,Unknown,Unknown,,10271,1114,7,0,0,0,0,1114,,,,,,,,,,
47158,,,"Comedy, Romance, School",,,TV,,,Unknown,Unknown,Unknown,Unknown,Light novel,Unknown,Unknown,,8514,2388,14,1,0,0,0,2387,1.0,1.0,,,,,,,,
47159,,,"Comedy, Fantasy",,,TV,,,Unknown,Unknown,Unknown,Unknown,Light novel,Unknown,Unknown,,9449,1640,3,1,0,0,0,1639,1.0,,,,,,,,,
47160,,,"Action, Adventure, Fantasy",,,TV,,,Unknown,Unknown,Unknown,Unknown,Light novel,Unknown,R - 17+ (violence & profanity),,2579,39848,150,5,0,1,0,39842,3.0,2.0,,,,,,,,
47161,,,"Action, Adventure, Fantasy",,,TV,,,Unknown,Unknown,Unknown,J.C.Staff,Light novel,Unknown,Unknown,,9490,1624,13,0,0,0,0,1624,,,,,,,,,,
47162,,,"Action, Adventure, Fantasy",,,TV,,,Unknown,Unknown,Unknown,Unknown,Light novel,Unknown,Unknown,,10348,1097,3,0,0,0,0,1097,,,,,,,,,,
47163,,,"Action, Adventure, Fantasy",,,TV,,,Unknown,Pony Canyon,Unknown,Revoroot,Light novel,Unknown,Unknown,,10147,1190,6,0,0,0,0,1190,,,,,,,,,,
47164,,,"Action, Adventure, Comedy, Romance, Fantasy",,,TV,,,Unknown,Unknown,Unknown,Unknown,Light novel,Unknown,PG-13 - Teens 13 or older,,2536,40991,151,0,0,1,0,40990,2.0,1.0,1.0,,,,,,,
47194,,,"Mystery, Supernatural, Shounen",,,Unknown,,,Unknown,Unknown,Unknown,Unknown,Manga,Unknown,Unknown,,10567,979,4,0,0,0,0,979,,,,,,,,,,
47250,,,"Action, Historical, Supernatural",,,TV,,,Spring 2021,"Bushiroad, Sonilude",Unknown,Bakken Record,Original,Unknown,Unknown,,5966,6221,48,2,0,3,0,6216,,,,,,,,,,
47257,,,"Comedy, Drama, Romance",,,TV,,,Unknown,NBCUniversal Entertainment Japan,Unknown,J.C.Staff,Manga,Unknown,Unknown,,7972,2930,160,13,0,0,0,2917,,,,,,,,,,
47391,,,"Action, Adventure, Magic, Fantasy",,,TV,,,Spring 2021,"Rakuonsha, TOHO animation",Unknown,"LIDENFILMS, domerica",Game,Unknown,Unknown,,10126,1247,13,2,0,1,0,1244,,,,1.0,,,,,,
47537,,,"Mystery, Supernatural, School",,,ONA,,,Unknown,Unknown,Unknown,Unknown,Original,Unknown,Unknown,14625.0,13080,356,7,61,0,10,6,279,1.0,,2.0,3.0,1.0,3.0,2.0,1.0,1.0,
47591,,,"Romance, Shounen Ai",,,TV,,,Winter 2021,"Suiseisha, blackflag",Unknown,Irawias,Manga,4 min.,R+ - Mild Nudity,15231.0,7387,3636,90,768,3,79,35,2751,31.0,11.0,20.0,16.0,26.0,14.0,8.0,1.0,9.0,9.0
47623,,,Slice of Life,,,TV,,,Fall 2021,Unknown,Unknown,Fanworks,Other,Unknown,Unknown,,17552,25,0,0,0,0,0,25,,,,,,,,,,
47639,,,Magic,,,TV,,,Spring 2021,Magic Capsule,Unknown,J.C.Staff,Game,Unknown,Unknown,,11096,883,9,1,0,0,0,882,,,,,,,,,,
47778,,,"Action, Historical, Demons, Supernatural, Shounen",,,TV,,,Unknown,Unknown,Unknown,ufotable,Manga,Unknown,R - 17+ (violence & profanity),,2078,59440,547,17,3,6,1,59413,11.0,2.0,2.0,,1.0,,,,,
47790,,,"Action, Fantasy",,,TV,,,Summer 2021,Unknown,Unknown,"SILVER LINK., Studio Palette",Light novel,Unknown,Unknown,,9334,1900,19,0,0,0,0,1900,1.0,,,,,,,,,
47792,,,"Fantasy, Yaoi",,,Unknown,,,Unknown,Suiseisha,Unknown,Unknown,Manga,Unknown,Unknown,,12311,503,1,1,0,0,0,502,,,,,,,,,,
47917,,,"Music, Slice of Life, Comedy",,,TV,,,Unknown,Unknown,Unknown,Unknown,4-koma manga,Unknown,Unknown,,17516,468,2,0,0,0,0,468,,,,,,,,,,
48239,,,"Adventure, Fantasy",,,Unknown,,,Unknown,Unknown,Unknown,Unknown,Light novel,Unknown,Unknown,,11030,826,10,0,0,0,0,826,,,,,,,,,,
48252,,,"Slice of Life, Comedy, Seinen",,,TV,,,Unknown,Unknown,Unknown,"Fanworks, Space Neko Company",Manga,Unknown,Unknown,,16586,135,4,0,0,1,0,134,,,,,,,,,,
48316,,,"Action, Comedy, Fantasy",,,TV,,,Unknown,Unknown,Unknown,Unknown,Light novel,Unknown,Unknown,,17517,775,10,4,0,0,0,771,8.0,1.0,,1.0,,,1.0,,,
48363,,,"Slice of Life, Comedy, Fantasy",,,TV,,,Unknown,Unknown,Unknown,Unknown,Manga,Unknown,Unknown,,17523,285,2,0,0,0,0,285,,,,,,,,,,
48365,,,"Comedy, Demons, Kids, Supernatural",,,TV,,,Spring 2021,Unknown,Unknown,Unknown,Game,Unknown,G - All Ages,,15988,143,2,0,0,0,0,143,,,,,,,,,,
48375,,,"Sci-Fi, Supernatural, Magic",,,Unknown,,,Unknown,Unknown,Unknown,Unknown,Light novel,Unknown,Unknown,,17526,13734,62,4,2,0,0,13728,3.0,,1.0,1.0,1.0,1.0,,,,
48391,,,"Game, Magic, Fantasy",,,TV,,,Spring 2021,Unknown,Unknown,OLM,Original,Unknown,Unknown,,17471,58,2,0,0,0,0,58,,,,,,,,,,
48406,,,"Sports, School",,,TV,,,Unknown,Bandai Namco Arts,Unknown,MAPPA,Original,Unknown,Unknown,,17528,1452,13,2,0,1,1,1448,2.0,,,,,,,,,
48413,,,"Comedy, Demons, Supernatural, Romance, Fantasy",,,TV,,,Unknown,Unknown,Unknown,Unknown,Light novel,Unknown,PG-13 - Teens 13 or older,,1833,74069,633,18,4,18,3,74026,2.0,,,,,,,,,
48414,,,"Action, Adventure, Fantasy",,,TV,,,Unknown,"flying DOG, Hakuhodo DY Music & Pictures",Unknown,OZ,Light novel,Unknown,Unknown,,10066,1407,27,0,0,0,0,1407,,,,,,,,,,
48415,,,"Action, Fantasy, School",,,Unknown,,,Unknown,Unknown,Unknown,Unknown,Light novel,Unknown,Unknown,,11443,735,8,0,0,0,0,735,,,,,,,,,,
48417,,,"Magic, Fantasy, School",,,TV,,,Unknown,Aniplex,Unknown,SILVER LINK.,Light novel,Unknown,R - 17+ (violence & profanity),,2597,41425,281,7,5,11,1,41401,,,,,,,,,,
48418,,,"Action, Demons, Magic, Fantasy, School",,,TV,,,Unknown,Aniplex,Unknown,SILVER LINK.,Light novel,Unknown,R - 17+ (violence & profanity),,5731,7707,41,1,2,5,2,7697,1.0,,,,,,,,,
48422,,,Hentai,,,OVA,,,Unknown,Unknown,Unknown,Unknown,Visual novel,20 min.,Rx - Hentai,,15694,161,1,0,0,0,0,161,,,,,,,,,,
48425,,,"Horror, Demons, Supernatural, Thriller",,,Unknown,,,Unknown,Unknown,Unknown,Unknown,Manga,Unknown,Unknown,,14015,311,2,0,0,0,0,311,,,,,,,,,,
48441,,,Action,,,TV,,,Unknown,Unknown,Unknown,Unknown,Game,Unknown,Unknown,,14139,308,2,0,0,0,0,308,,,,,,,,,,
48442,,,Slice of Life,,,TV,,,Spring 2021,Unknown,Unknown,Unknown,Manga,Unknown,Unknown,,16850,177,1,1,0,0,1,175,,,,,,,,,,
48466,,,"Action, Mecha",,,TV,,,Fall 2021,Bandai Spirits,Unknown,Sunrise Beyond,Original,Unknown,Unknown,,17561,454,0,1,0,0,0,453,,,,,,,,,,
48470,,,"Action, Adventure, Drama, Magic, Fantasy",,,TV,,,Summer 2021,"Bushiroad, Bit grooove promotion",Unknown,SANZIGEN,Original,Unknown,Unknown,,17557,287,0,0,0,0,0,287,,,,,,,,,,
48471,,,"Sci-Fi, Space, Vampire",,,TV,,,Unknown,Bandai Namco Arts,Unknown,Arvo Animation,Light novel,Unknown,Unknown,,17564,1857,6,0,0,1,0,1856,,,,,,,,,,
48481,,,"Adventure, Mystery, Supernatural",,,ONA,,,Unknown,Unknown,Unknown,Unknown,Novel,Unknown,Unknown,,13116,354,6,0,0,0,0,354,,,,1.0,,,,,,
48483,,,"Comedy, Horror, Supernatural",,,TV,,,Unknown,Kadokawa,Unknown,Passione,Manga,Unknown,Unknown,,17562,7010,70,14,0,14,0,6982,,,,,,,,,,
48488,,,"Mystery, Dementia, Horror, Psychological, Supernatural, Thriller",,,TV,,,Summer 2021,Unknown,Unknown,Unknown,Visual novel,Unknown,R - 17+ (violence & profanity),,17558,11309,48,3,0,0,0,11306,1.0,,,,,,,,,
48491,,,"Adventure, Slice of Life, Comedy",,,TV,,,Unknown,Kadokawa,Unknown,8bit,Manga,Unknown,PG-13 - Teens 13 or older,,17565,1386,2,13,2,2,1,1368,,,,,,,,,,
48492,,,"Action, Fantasy",,,TV,,,Summer 2021,Bandai Namco Arts,Unknown,Sunrise,Game,Unknown,Unknown,,17563,310,0,4,0,1,1,304,,,,,,,,,,
